date,MSCI_IMI
2011-03-22,6162.418435
2011-03-23,6214.937232
2011-03-24,6148.4085
2011-03-25,6215.93016
2011-03-28,6192.399059
2011-03-29,6194.72629
2011-03-30,6228.874275
2011-03-31,6175.910304
2011-04-01,6124.552291
2011-04-04,6168.84695
2011-04-05,6161.68476
2011-04-06,6145.6482
2011-04-07,6130.781492
2011-04-08,6114.56601
2011-04-11,6109.82145
2011-04-12,6136.05645
2011-04-13,6220.41735
2011-04-14,6228.02405
2011-04-15,6202.78479
2011-04-18,6153.8983
2011-04-19,6168.6842
2011-04-20,6236.325
2011-04-21,6242.081164
2011-04-22,6242.98986
2011-04-25,6250.3495
2011-04-26,6242.18812
2011-04-27,6188.499306
2011-04-28,6251.338125
2011-04-29,6244.082568
2011-05-02,6277.179141
2011-05-03,6255.9438
2011-05-04,6265.698575
2011-05-05,6235.570671
2011-05-06,6229.5273
2011-05-09,6234.13885
2011-05-10,6312.17038
2011-05-11,6399.991224
2011-05-12,6382.95005
2011-05-13,6447.50135
2011-05-16,6408.8514
2011-05-17,6343.452648
2011-05-18,6344.63122
2011-05-19,6335.2786
2011-05-20,6328.161076
2011-05-23,6329.905404
2011-05-24,6289.992125
2011-05-25,6373.26244
2011-05-26,6322.05332
2011-05-27,6330.171925
2011-05-30,6370.3614
2011-05-31,6336.887544
2011-06-01,6277.19565
2011-06-02,6122.53555
2011-06-03,6075.87149
2011-06-06,6061.045072
2011-06-07,6029.4689
2011-06-08,5988.5436
2011-06-09,6056.564
2011-06-10,6011.975178
2011-06-13,6003.285022
2011-06-14,6060.703762
2011-06-15,6040.99348
2011-06-16,5989.856075
2011-06-17,5933.09827
2011-06-20,5972.880074
2011-06-21,6007.486095
2011-06-22,6053.113794
2011-06-23,6013.876
2011-06-24,6038.576
2011-06-27,6052.80185
2011-06-28,6113.11525
2011-06-29,6120.6216
2011-06-30,6175.2394
2011-07-01,6205.1396
2011-07-04,6228.730125
2011-07-05,6239.176443
2011-07-06,6228.516321
2011-07-07,6214.362308
2011-07-08,6192.670835
2011-07-11,6178.7836
2011-07-12,6144.790512
2011-07-13,6183.650115
2011-07-14,6165.622281
2011-07-15,6211.76709
2011-07-18,6245.0757
2011-07-19,6269.287744
2011-07-20,6258.578305
2011-07-21,6262.05828
2011-07-22,6288.734608
2011-07-25,6242.173888
2011-07-26,6169.090697
2011-07-27,6051.7577
2011-07-28,6083.78864
2011-07-29,5995.50815
2011-08-01,5964.217392
2011-08-02,5920.191036
2011-08-03,5835.26376
2011-08-04,5700.8286
2011-08-05,5669.978374
2011-08-08,5583.11246
2011-08-09,5675.40295
2011-08-10,5631.066105
2011-08-11,5757.69975
2011-08-12,5817.502656
2011-08-15,5805.3315
2011-08-16,5874.426624
2011-08-17,5843.98512
2011-08-18,5625.701901
2011-08-19,5525.72245
2011-08-22,5588.956095
2011-08-23,5685.355302
2011-08-24,5824.18606
2011-08-25,5712.41234
2011-08-26,5702.34888
2011-08-29,5778.545645
2011-08-30,5790.11678
2011-08-31,5824.78478
2011-09-01,5789.673715
2011-09-02,5688.536566
2011-09-05,5646.61375
2011-09-06,5622.5421
2011-09-07,5752.502148
2011-09-08,5774.39236
2011-09-09,5674.30894
2011-09-12,5726.7308
2011-09-13,5705.383314
2011-09-14,5834.30885
2011-09-15,5949.7991
2011-09-16,6054.26272
2011-09-19,6071.7684
2011-09-20,6181.812
2011-09-21,6426.9714
2011-09-22,6284.5295
2011-09-23,6097.599
2011-09-26,6111.641
2011-09-27,6156.8166
2011-09-28,6091.259079
2011-09-29,6160.5753
2011-09-30,6105.130125
2011-10-03,6108.500326
2011-10-04,5982.042321
2011-10-05,5974.462
2011-10-06,6127.504901
2011-10-07,6168.3435
2011-10-10,6230.856944
2011-10-11,6294.079095
2011-10-12,6326.995005
2011-10-13,6296.760598
2011-10-14,6387.50294
2011-10-17,6439.477325
2011-10-18,6448.9418
2011-10-19,6489.858844
2011-10-20,6544.79525
2011-10-21,6561.8674
2011-10-24,6526.7284
2011-10-25,6513.26943
2011-10-26,6562.4075
2011-10-27,6618.24
2011-10-28,6660.2835
2011-10-31,6660.019438
2011-11-01,6512.921309
2011-11-02,6547.533847
2011-11-03,6499.40557
2011-11-04,6547.64607
2011-11-07,6588.90477
2011-11-08,6552.48012
2011-11-09,6522.210585
2011-11-10,6486.94475
2011-11-11,6546.585283
2011-11-14,6587.555796
2011-11-15,6712.7515
2011-11-16,6625.47132
2011-11-17,6558.00552
2011-11-18,6543.414493
2011-11-21,6507.6459
2011-11-22,6524.913935
2011-11-23,6528.892456
2011-11-24,6406.345316
2011-11-25,6437.82986
2011-11-28,6547.99717
2011-11-29,6540.089088
2011-11-30,6651.43
2011-12-01,6602.443
2011-12-02,6589.58551
2011-12-05,6643.917974
2011-12-06,6627.55247
2011-12-07,6608.84325
2011-12-08,6693.90615
2011-12-09,6623.9477
2011-12-12,6651.560375
2011-12-13,6626.404136
2011-12-14,6613.625
2011-12-15,6638.217027
2011-12-16,6617.569635
2011-12-19,6566.9598
2011-12-20,6618.8412
2011-12-21,6591.242
2011-12-22,6636.4406
2011-12-23,6644.10168
2011-12-26,6654.1382
2011-12-27,6640.962786
2011-12-28,6604.970272
2011-12-29,6642.326244
2011-12-30,6588.9437
2012-01-02,6608.48291
2012-01-03,6707.97064
2012-01-04,6722.035125
2012-01-05,6766.2504
2012-01-06,6724.847875
2012-01-09,6718.974503
2012-01-10,6730.396596
2012-01-11,6738.448465
2012-01-12,6729.023888
2012-01-13,6748.16088
2012-01-16,6754.106383
2012-01-17,6741.732433
2012-01-18,6746.5829
2012-01-19,6774.658272
2012-01-20,6771.35925
2012-01-23,6814.2438
2012-01-24,6777.1155
2012-01-25,6782.45344
2012-01-26,6735.38218
2012-01-27,6691.984845
2012-01-30,6747.30086
2012-01-31,6723.7852
2012-02-01,6714.248128
2012-02-02,6688.98516
2012-02-03,6667.16778
2012-02-06,6683.59287
2012-02-07,6707.802028
2012-02-08,6717.746224
2012-02-09,6752.32866
2012-02-10,6831.1257
2012-02-13,6806.487625
2012-02-14,6810.256272
2012-02-15,6846.789984
2012-02-16,6885.25725
2012-02-17,6904.10714
2012-02-20,6899.355372
2012-02-21,6934.54582
2012-02-22,6911.401167
2012-02-23,6881.70834
2012-02-24,6840.641625
2012-02-27,6812.690188
2012-02-28,6777.977525
2012-02-29,6743.655104
2012-03-01,6705.022698
2012-03-02,6760.990167
2012-03-05,6763.876112
2012-03-06,6718.72176
2012-03-07,6719.107798
2012-03-08,6708.746544
2012-03-09,6767.50722
2012-03-12,6785.553978
2012-03-13,6854.459124
2012-03-14,6975.62992
2012-03-15,6970.165
2012-03-16,6937.52985
2012-03-19,6953.421861
2012-03-20,6961.38283
2012-03-21,6993.144864
2012-03-22,6972.341232
2012-03-23,6982.44206
2012-03-26,6996.362343
2012-03-27,6953.688
2012-03-28,7007.16856
2012-03-29,7023.192769
2012-03-30,6988.9635
2012-04-02,7058.7348
2012-04-03,7068.3977
2012-04-04,7029.116636
2012-04-05,7028.11954
2012-04-06,7055.4064
2012-04-09,7015.542468
2012-04-10,6990.62175
2012-04-11,7057.939869
2012-04-12,7053.23752
2012-04-13,7019.250579
2012-04-16,7007.861315
2012-04-17,7019.5893
2012-04-18,7009.60178
2012-04-19,6986.897968
2012-04-20,6976.53444
2012-04-23,6903.017225
2012-04-24,6908.6656
2012-04-25,6957.013734
2012-04-26,7021.916275
2012-04-27,7019.41692
2012-04-30,7008.572448
2012-05-01,7004.082984
2012-05-02,6948.634
2012-05-03,6935.529503
2012-05-04,6896.73215
2012-05-07,6873.529008
2012-05-08,6877.999412
2012-05-09,6933.4695
2012-05-10,6981.764192
2012-05-11,7020.15525
2012-05-14,7011.092725
2012-05-15,7031.35164
2012-05-16,7006.639194
2012-05-17,6920.1747
2012-05-18,6838.037385
2012-05-21,6858.0593
2012-05-22,6961.18656
2012-05-23,6963.13632
2012-05-24,6932.1408
2012-05-25,6990.648
2012-05-28,6942.96975
2012-05-29,6972.233817
2012-05-30,7044.016439
2012-05-31,7002.2205
2012-06-01,6924.484
2012-06-04,6859.815576
2012-06-05,6851.83485
2012-06-06,6912.172678
2012-06-07,6967.654704
2012-06-08,6982.120608
2012-06-11,7004.883232
2012-06-12,7002.479485
2012-06-13,6968.83825
2012-06-14,6998.911128
2012-06-15,7046.981596
2012-06-18,7029.544263
2012-06-19,7045.537375
2012-06-20,7050.193516
2012-06-21,7080.601328
2012-06-22,7087.309422
2012-06-25,7051.619106
2012-06-26,7045.06832
2012-06-27,7098.64478
2012-06-28,7061.544189
2012-06-29,7065.0096
2012-07-02,7091.218488
2012-07-03,7080.66921
2012-07-04,7130.0913
2012-07-05,7095.004875
2012-07-06,7105.008996
2012-07-09,7053.607728
2012-07-10,7023.43095
2012-07-11,7029.205638
2012-07-12,7050.288861
2012-07-13,7075.83375
2012-07-16,7047.880225
2012-07-17,7039.264036
2012-07-18,7081.10055
2012-07-19,7136.438855
2012-07-20,7149.371175
2012-07-23,7176.84273
2012-07-24,7173.0624
2012-07-25,7050.567903
2012-07-26,7072.26625
2012-07-27,7133.858
2012-07-30,7201.8567
2012-07-31,7185.408904
2012-08-01,7284.26705
2012-08-02,7208.256678
2012-08-03,7176.47805
2012-08-06,7239.552
2012-08-07,7290.80802
2012-08-08,7220.5304
2012-08-09,7228.5785
2012-08-10,7218.4554
2012-08-13,7271.95929
2012-08-14,7329.51464
2012-08-15,7371.628264
2012-08-16,7412.226116
2012-08-17,7529.421744
2012-08-20,7538.488928
2012-08-21,7498.153686
2012-08-22,7441.68234
2012-08-23,7497.362108
2012-08-24,7575.65816
2012-08-27,7620.124476
2012-08-28,7581.39291
2012-08-29,7571.318616
2012-08-30,7563.077033
2012-08-31,7541.7322
2012-09-03,7538.343555
2012-09-04,7537.815478
2012-09-05,7527.57105
2012-09-06,7572.902848
2012-09-07,7534.267635
2012-09-10,7481.773287
2012-09-11,7502.4737
2012-09-12,7719.46801
2012-09-13,7701.077078
2012-09-14,7762.8177
2012-09-17,7800.2484
2012-09-18,7687.098208
2012-09-19,7803.395964
2012-09-20,7748.99904
2012-09-21,7743.82829
2012-09-24,7674.28869
2012-09-25,7662.5572
2012-09-26,7582.134
2012-09-27,7647.694158
2012-09-28,7672.71233
2012-10-01,7760.47734
2012-10-02,7753.33772
2012-10-03,7825.803648
2012-10-04,7963.658
2012-10-05,8203.876744
2012-10-08,8303.9712
2012-10-09,8051.86385
2012-10-10,8022.009655
2012-10-11,7980.843276
2012-10-12,7985.41733
2012-10-15,8129.155584
2012-10-16,8135.317414
2012-10-17,8112.598765
2012-10-18,8113.60629
2012-10-19,8042.374888
2012-10-22,8035.1274
2012-10-23,8027.95908
2012-10-24,8037.365112
2012-10-25,8025.337644
2012-10-26,7916.732269
2012-10-29,7888.138706
2012-10-30,7933.08425
2012-10-31,7956.331684
2012-11-01,8001.600986
2012-11-02,8029.6376
2012-11-05,7975.5591
2012-11-06,7977.48222
2012-11-07,7850.042928
2012-11-08,7858.2896
2012-11-09,7839.680664
2012-11-12,7824.084
2012-11-13,7890.92794
2012-11-14,7869.641485
2012-11-15,7893.7242
2012-11-16,7818.5371
2012-11-19,7934.088288
2012-11-20,7993.73052
2012-11-21,8111.884624
2012-11-22,8146.160319
2012-11-23,8148.171838
2012-11-26,8151.754276
2012-11-27,8085.872975
2012-11-28,8112.712374
2012-11-29,8155.37905
2012-11-30,8256.047118
2012-12-03,8228.62326
2012-12-04,8121.250368
2012-12-05,8148.065601
2012-12-06,8085.800457
2012-12-07,8072.946987
2012-12-10,8053.19885
2012-12-11,8092.444176
2012-12-12,8100.011703
2012-12-13,8082.165392
2012-12-14,8055.05372
2012-12-17,8017.08985
2012-12-18,8053.92476
2012-12-19,8048.81922
2012-12-20,8101.8091
2012-12-21,8125.93734
2012-12-24,8080.582016
2012-12-25,8076.517575
2012-12-26,8056.26466
2012-12-27,8013.43037
2012-12-28,7956.83323
2012-12-31,8013.00528
2013-01-01,8015.1346
2013-01-02,8176.065744
2013-01-03,8259.032595
2013-01-04,8303.173112
2013-01-07,8256.409227
2013-01-08,8244.3303
2013-01-09,8328.72278
2013-01-10,8404.498542
2013-01-11,8522.694
2013-01-14,8507.3619
2013-01-15,8643.4601
2013-01-16,8596.171688
2013-01-17,8605.610265
2013-01-18,8720.23752
2013-01-21,8728.323375
2013-01-22,8707.429757
2013-01-23,8907.90842
2013-01-24,8910.89675
2013-01-25,8900.45625
2013-01-28,9056.930225
2013-01-29,9024.1492
2013-01-30,9028.917792
2013-01-31,8929.07508
2013-02-01,8848.576
2013-02-04,8854.435656
2013-02-05,8772.209158
2013-02-06,8899.757516
2013-02-07,8871.476367
2013-02-08,8881.176699
2013-02-11,8896.843406
2013-02-12,8956.68961
2013-02-13,8906.184438
2013-02-14,8771.838375
2013-02-15,8841.5379
2013-02-18,8904.452489
2013-02-19,8938.07264
2013-02-20,8930.8926
2013-02-21,8761.727808
2013-02-22,8821.56075
2013-02-25,8720.4366
2013-02-26,8651.61495
2013-02-27,8777.900278
2013-02-28,8973.564
2013-03-01,9014.547975
2013-03-04,9068.126742
2013-03-05,9079.3425
2013-03-06,9186.84231
2013-03-07,9226.0659
2013-03-08,9224.29236
2013-03-11,9236.839815
2013-03-12,9306.99692
2013-03-13,9384.176569
2013-03-14,9367.01766
2013-03-15,9455.52062
2013-03-18,9310.063105
2013-03-19,9405.81586
2013-03-20,9496.997412
2013-03-21,9444.221345
2013-03-22,9452.253405
2013-03-25,9412.05592
2013-03-26,9429.914025
2013-03-27,9404.764875
2013-03-28,9426.99074
2013-03-29,9445.264425
2013-04-01,9319.480896
2013-04-02,9419.157828
2013-04-03,9327.735675
2013-04-04,9252.313175
2013-04-05,9203.0648
2013-04-08,9147.723305
2013-04-09,9121.204075
2013-04-10,9175.419095
2013-04-11,9276.807664
2013-04-12,9241.354733
2013-04-15,9381.468168
2013-04-16,9308.55884
2013-04-17,9287.5594
2013-04-18,9259.704838
2013-04-19,9306.424712
2013-04-22,9351.375264
2013-04-23,9427.761825
2013-04-24,9452.3803
2013-04-25,9470.963981
2013-04-26,9456.097545
2013-04-29,9422.8545
2013-04-30,9452.653708
2013-05-01,9393.609372
2013-05-02,9339.25182
2013-05-03,9430.339644
2013-05-06,9477.43845
2013-05-07,9627.960348
2013-05-08,9630.243324
2013-05-09,9608.310894
2013-05-10,9712.844281
2013-05-13,9762.136714
2013-05-14,9904.86
2013-05-15,9956.9905
2013-05-16,10054.09044
2013-05-17,10182.436692
2013-05-20,10262.587104
2013-05-21,10389.729278
2013-05-22,10360.8371
2013-05-23,10183.491864
2013-05-24,10184.174634
2013-05-27,10228.424375
2013-05-28,10465.14368
2013-05-29,10482.090017
2013-05-30,10735.453372
2013-05-31,10606.61316
2013-06-03,10367.200625
2013-06-04,10328.7933
2013-06-05,10417.18693
2013-06-06,10244.164419
2013-06-07,10452.37264
2013-06-10,10709.11872
2013-06-11,10519.454064
2013-06-12,10535.47071
2013-06-13,10345.76199
2013-06-14,10396.97335
2013-06-17,10521.102255
2013-06-18,10582.996827
2013-06-19,10726.592348
2013-06-20,10396.67545
2013-06-21,10318.165858
2013-06-24,10127.000113
2013-06-25,10196.228454
2013-06-26,10295.7058
2013-06-27,10254.62468
2013-06-28,10130.0116
2013-07-01,10271.183715
2013-07-02,10341.28907
2013-07-03,10408.57167
2013-07-04,10406.9966
2013-07-05,10595.14544
2013-07-08,10614.04821
2013-07-09,10543.262127
2013-07-10,10585.0874
2013-07-11,10709.6542
2013-07-12,10764.797704
2013-07-15,10663.38896
2013-07-16,10640.6595
2013-07-17,10582.22672
2013-07-18,10800.83335
2013-07-19,10702.97013
2013-07-22,10748.927168
2013-07-23,10545.08305
2013-07-24,10685.54125
2013-07-25,10570.6638
2013-07-26,10622.7275
2013-07-29,10584.63725
2013-07-30,10655.523246
2013-07-31,10665.88248
2013-08-01,10906.08625
2013-08-02,10813.4035
2013-08-05,10805.56029
2013-08-06,10883.65904
2013-08-07,10851.960723
2013-08-08,10857.763665
2013-08-09,10787.57467
2013-08-12,10816.232875
2013-08-13,10956.42156
2013-08-14,10975.118838
2013-08-15,10864.340116
2013-08-16,10927.854082
2013-08-19,11001.08076
2013-08-20,10954.5894
2013-08-21,11126.924376
2013-08-22,11072.5588
2013-08-23,11104.72506
2013-08-26,11171.51008
2013-08-27,11125.09167
2013-08-28,11015.846592
2013-08-29,11037.90077
2013-08-30,10879.9119
2013-09-02,10945.52379
2013-09-03,11038.99335
2013-09-04,11020.12176
2013-09-05,11024.84232
2013-09-06,10819.5984
2013-09-09,10859.9478
2013-09-10,11037.17316
2013-09-11,10905.438505
2013-09-12,10997.2068
2013-09-13,11009.767451
2013-09-16,10915.724314
2013-09-17,10917.818492
2013-09-18,10807.056
2013-09-19,10985.545125
2013-09-20,11114.869584
2013-09-23,11037.220848
2013-09-24,11058.743115
2013-09-25,11182.670131
2013-09-26,11259.161925
2013-09-27,11316.75369
2013-09-30,11217.34852
2013-10-01,11351.54688
2013-10-02,11217.556053
2013-10-03,11174.4132
2013-10-04,11195.552955
2013-10-07,11090.4673
2013-10-08,10984.67104
2013-10-09,10969.12905
2013-10-10,11046.83847
2013-10-11,11117.3214
2013-10-14,11180.69505
2013-10-15,11216.88036
2013-10-16,11174.1498
2013-10-17,11247.442872
2013-10-18,11290.9002
2013-10-21,11417.58928
2013-10-22,11317.7125
2013-10-23,11320.444278
2013-10-24,11320.202205
2013-10-25,11403.8928
2013-10-28,11417.805694
2013-10-29,11519.316182
2013-10-30,11560.0124
2013-10-31,11619.783801
2013-11-01,11742.9312
2013-11-04,11778.867804
2013-11-05,11823.10314
2013-11-06,11912.0232
2013-11-07,11855.22624
2013-11-08,11944.96483
2013-11-11,11969.26445
2013-11-12,11965.8336
2013-11-13,11888.1438
2013-11-14,11915.988495
2013-11-15,11942.690325
2013-11-18,11932.18354
2013-11-19,11876.17999
2013-11-20,11855.158056
2013-11-21,11819.57918
2013-11-22,11847.08784
2013-11-25,11835.49398
2013-11-26,11872.209037
2013-11-27,12069.559139
2013-11-28,12054.204156
2013-11-29,12010.21695
2013-12-02,12089.135136
2013-12-03,12089.7768
2013-12-04,12134.2083
2013-12-05,12084.904
2013-12-06,12069.415132
2013-12-09,12149.77246
2013-12-10,12091.81281
2013-12-11,11999.94786
2013-12-12,11932.61932
2013-12-13,11867.32464
2013-12-16,11940.019525
2013-12-17,11904.08238
2013-12-18,12098.36035
2013-12-19,12154.70262
2013-12-20,12237.633
2013-12-23,12256.30045
2013-12-24,12257.2552
2013-12-25,12254.39757
2013-12-26,12339.1914
2013-12-27,12640.9025
2013-12-30,12493.01031
2013-12-31,12621.12517
2014-01-01,12630.99915
2014-01-02,12729.32336
2014-01-03,12762.427608
2014-01-06,12663.078
2014-01-07,12709.58412
2014-01-08,12881.38871
2014-01-09,12886.42208
2014-01-10,12830.42122
2014-01-13,12913.3519
2014-01-14,12981.94972
2014-01-15,13148.735886
2014-01-16,13104.40824
2014-01-17,13119.43634
2014-01-20,13049.39532
2014-01-21,13037.15244
2014-01-22,13117.735
2014-01-23,13226.3604
2014-01-24,13060.75586
2014-01-27,12940.69106
2014-01-28,12891.92598
2014-01-29,13177.58796
2014-01-30,13087.2204
2014-01-31,12957.09324
2014-02-03,12868.3447
2014-02-04,12646.35393
2014-02-05,12704.7402
2014-02-06,12804.99987
2014-02-07,12989.43189
2014-02-10,13124.62039
2014-02-11,13003.45704
2014-02-12,13118.7264
2014-02-13,13142.523268
2014-02-14,13025.609695
2014-02-17,13000.4685
2014-02-18,13176.0705
2014-02-19,13330.9421
2014-02-20,13249.53311
2014-02-21,13252.35681
2014-02-24,13094.67976
2014-02-25,13024.81084
2014-02-26,13109.59952
2014-02-27,12996.29216
2014-02-28,13178.43354
2014-03-03,13133.63832
2014-03-04,13145.84705
2014-03-05,13102.3126
2014-03-06,13022.67726
2014-03-07,13189.36256
2014-03-10,13187.691412
2014-03-11,13222.9429
2014-03-12,13169.958585
2014-03-13,13012.63533
2014-03-14,12780.80768
2014-03-17,12997.01598
2014-03-18,13040.90606
2014-03-19,13206.31908
2014-03-20,13139.0358
2014-03-21,13137.2175
2014-03-24,12993.3496
2014-03-25,12952.14592
2014-03-26,12949.77376
2014-03-27,12795.085008
2014-03-28,12848.99562
2014-03-31,12899.7432
2014-04-01,13030.3225
2014-04-02,13047.17032
2014-04-03,13072.78903
2014-04-04,12897.4516
2014-04-07,12724.23054
2014-04-08,12680.4708
2014-04-09,12667.8084
2014-04-10,12634.20072
2014-04-11,12516.87537
2014-04-14,12575.717705
2014-04-15,12712.4448
2014-04-16,12802.49388
2014-04-17,12746.5612
2014-04-18,12773.70276
2014-04-21,12798.350754
2014-04-22,12934.04166
2014-04-23,13023.96744
2014-04-24,12981.9504
2014-04-25,13031.660706
2014-04-28,12989.9125
2014-04-29,12933.42607
2014-04-30,12923.15835
2014-05-01,12899.31344
2014-05-02,12890.3327
2014-05-05,12977.98912
2014-05-06,12927.5311
2014-05-07,12814.31137
2014-05-08,12685.41522
2014-05-09,12686.90304
2014-05-12,12791.91876
2014-05-13,12746.60232
2014-05-14,12697.50867
2014-05-15,12744.359217
2014-05-16,12689.9892
2014-05-19,12712.14784
2014-05-20,12767.872
2014-05-21,12792.813784
2014-05-22,12789.2058
2014-05-23,12794.731104
2014-05-26,12860.7762
2014-05-27,13066.91336
2014-05-28,13078.233588
2014-05-29,13076.95779
2014-05-30,13279.45446
2014-06-02,13442.25212
2014-06-03,13524.88367
2014-06-04,13554.47555
2014-06-05,13522.77108
2014-06-06,13472.729543
2014-06-09,13563.4464
2014-06-10,13628.82408
2014-06-11,13664.96055
2014-06-12,13517.54241
2014-06-13,13525.15686
2014-06-16,13631.142368
2014-06-17,13764.051534
2014-06-18,13595.686275
2014-06-19,13800.35037
2014-06-20,13663.359645
2014-06-23,13597.74084
2014-06-24,13579.98138
2014-06-25,13526.746589
2014-06-26,13572.80232
2014-06-27,13551.9755
2014-06-30,13642.78396
2014-07-01,13777.777028
2014-07-02,13903.353519
2014-07-03,13943.75138
2014-07-04,13963.786695
2014-07-07,13902.619258
2014-07-08,13674.779365
2014-07-09,13685.75104
2014-07-10,13623.25795
2014-07-11,13657.72315
2014-07-14,13698.223604
2014-07-15,13690.178
2014-07-16,13720.405404
2014-07-17,13698.923225
2014-07-18,13625.333346
2014-07-21,13540.55129
2014-07-22,13577.48664
2014-07-23,13526.19723
2014-07-24,13565.080875
2014-07-25,13482.488475
2014-07-28,13543.116555
2014-07-29,13564.093901
2014-07-30,13624.42842
2014-07-31,13464.29322
2014-08-01,13361.124186
2014-08-04,13368.32112
2014-08-05,13382.472488
2014-08-06,13299.33945
2014-08-07,13322.177687
2014-08-08,13233.22686
2014-08-11,13289.379948
2014-08-12,13267.177976
2014-08-13,13274.876838
2014-08-14,13301.423564
2014-08-15,13347.2328
2014-08-18,13467.93789
2014-08-19,13586.789487
2014-08-20,13702.20467
2014-08-21,13713.11325
2014-08-22,13655.551831
2014-08-25,13742.43794
2014-08-26,13741.28385
2014-08-27,13664.852655
2014-08-28,13632.114288
2014-08-29,13722.294135
2014-09-01,13735.9312
2014-09-02,13811.43546
2014-09-03,13775.93055
2014-09-04,13805.047438
2014-09-05,13769.419048
2014-09-08,13869.43155
2014-09-09,13927.241265
2014-09-10,13951.18329
2014-09-11,14012.72535
2014-09-12,14023.82058
2014-09-15,13921.826875
2014-09-16,13884.747
2014-09-17,14063.74134
2014-09-18,14186.92526
2014-09-19,14161.62762
2014-09-22,14160.24224
2014-09-23,14077.07253
2014-09-24,14078.300544
2014-09-25,14011.370131
2014-09-26,14084.88536
2014-09-29,14106.26525
2014-09-30,14070.054845
2014-10-01,13888.52364
2014-10-02,13704.16246
2014-10-03,13958.65218
2014-10-06,13827.477275
2014-10-07,13642.965162
2014-10-08,13559.91835
2014-10-09,13412.636925
2014-10-10,13262.55848
2014-10-13,13065.89162
2014-10-14,13066.39804
2014-10-15,12983.6709
2014-10-16,13019.791748
2014-10-17,13140.85924
2014-10-20,13174.50624
2014-10-21,13416.516232
2014-10-22,13322.58762
2014-10-23,13403.987
2014-10-24,13405.20135
2014-10-27,13407.296875
2014-10-28,13442.93454
2014-10-29,13583.6928
2014-10-30,13506.451805
2014-10-31,13871.580295
2014-11-03,13847.82822
2014-11-04,13785.566152
2014-11-05,13988.642892
2014-11-06,14143.297427
2014-11-07,14142.8079
2014-11-10,14226.9099
2014-11-11,14173.40485
2014-11-12,14135.363154
2014-11-13,14158.2106
2014-11-14,13997.86822
2014-11-17,14041.503152
2014-11-18,14025.13814
2014-11-19,14019.84626
2014-11-20,13917.38205
2014-11-21,14009.32806
2014-11-24,14114.53972
2014-11-25,14067.86346
2014-11-26,14092.01994
2014-11-27,14092.79805
2014-11-28,14173.51416
2014-12-01,13972.6307
2014-12-02,14195.651865
2014-12-03,14357.37728
2014-12-04,14305.529589
2014-12-05,14522.20098
2014-12-08,14656.25869
2014-12-09,14524.6685
2014-12-10,14428.34196
2014-12-11,14554.945
2014-12-12,14327.25882
2014-12-15,14335.905745
2014-12-16,14224.74928
2014-12-17,14329.43311
2014-12-18,14563.684575
2014-12-19,14641.718112
2014-12-22,14697.37329
2014-12-23,14801.059062
2014-12-24,14811.70405
2014-12-25,14779.007642
2014-12-26,14799.28
2014-12-29,14848.73343
2014-12-30,14689.4076
2014-12-31,14604.27254
2015-01-01,14576.35626
2015-01-02,14730.09391
2015-01-05,14457.53511
2015-01-06,14316.22906
2015-01-07,14338.578326
2015-01-08,14489.637405
2015-01-09,14294.91891
2015-01-12,14272.125588
2015-01-13,14292.21203
2015-01-14,14082.25329
2015-01-15,14194.0616
2015-01-16,14283.82035
2015-01-19,14454.12284
2015-01-20,14410.92905
2015-01-21,14390.335476
2015-01-22,14383.80328
2015-01-23,14381.22876
2015-01-26,14488.06392
2015-01-27,14593.732335
2015-01-28,14448.81592
2015-01-29,14455.98
2015-01-30,14435.84417
2015-02-02,14391.49752
2015-02-03,14419.925065
2015-02-04,14539.202865
2015-02-05,14390.92485
2015-02-06,14643.494008
2015-02-09,14678.58251
2015-02-10,14901.8112
2015-02-11,15037.8957
2015-02-12,15080.547825
2015-02-13,15121.546968
2015-02-16,15099.507525
2015-02-17,15152.328
2015-02-18,15096.19958
2015-02-19,15218.158275
2015-02-20,15206.245566
2015-02-23,15244.43392
2015-02-24,15073.9675
2015-02-25,15060.103355
2015-02-26,15148.264165
2015-02-27,15313.05248
2015-03-02,15485.5112
2015-03-03,15396.76528
2015-03-04,15406.79725
2015-03-05,15476.623749
2015-03-06,15538.344675
2015-03-09,15604.92135
2015-03-10,15702.86445
2015-03-11,15583.66295
2015-03-12,15778.48842
2015-03-13,15930.79488
2015-03-16,16001.515695
2015-03-17,15922.46912
2015-03-18,15696.40545
2015-03-19,16003.16131
2015-03-20,15824.376
2015-03-23,15709.88124
2015-03-24,15533.068791
2015-03-25,15457.61295
2015-03-26,15545.711615
2015-03-27,15619.70561
2015-03-30,15869.6286
2015-03-31,15708.706505
2015-04-01,15499.98729
2015-04-02,15551.057205
2015-04-03,15367.582
2015-04-06,15508.83384
2015-04-07,15596.59555
2015-04-08,15538.280625
2015-04-09,15751.99095
2015-04-10,15879.233902
2015-04-13,16007.85848
2015-04-14,15908.7859
2015-04-15,16017.72852
2015-04-16,15910.2536
2015-04-17,15886.49834
2015-04-20,16066.4276
2015-04-21,16074.44736
2015-04-22,16248.721338
2015-04-23,16207.14067
2015-04-24,16240.98518
2015-04-27,16087.94055
2015-04-28,15920.42725
2015-04-29,15754.393621
2015-04-30,15760.25151
2015-05-01,16031.315035
2015-05-04,16065.58448
2015-05-05,15807.30329
2015-05-06,15857.64052
2015-05-07,15829.5403
2015-05-08,15935.27754
2015-05-11,16112.958324
2015-05-12,16055.183265
2015-05-13,15870.267
2015-05-14,15854.73522
2015-05-15,15901.59265
2015-05-18,16037.92967
2015-05-19,16038.21542
2015-05-20,15939.10434
2015-05-21,15980.83812
2015-05-22,16019.43629
2015-05-25,16108.8407
2015-05-26,16074.6144
2015-05-27,16112.43149
2015-05-28,16241.60535
2015-05-29,16162.529221
2015-06-01,16296.1011
2015-06-02,16261.352416
2015-06-03,16478.1864
2015-06-04,16441.126542
2015-06-05,16576.01806
2015-06-08,16366.250775
2015-06-09,16297.44456
2015-06-10,16369.504458
2015-06-11,16450.2455
2015-06-12,16410.814677
2015-06-15,16321.934904
2015-06-16,16339.56678
2015-06-17,16186.641982
2015-06-18,16330.738508
2015-06-19,16174.50975
2015-06-22,16272.680925
2015-06-23,16370.6985
2015-06-24,16251.292695
2015-06-25,16149.68663
2015-06-26,16235.8483
2015-06-29,15935.26614
2015-06-30,15832.738999
2015-07-01,16036.2059
2015-07-02,16033.97035
2015-07-03,16100.29946
2015-07-06,16055.41005
2015-07-07,16090.275236
2015-07-08,16077.46155
2015-07-09,16090.38057
2015-07-10,16247.19357
2015-07-13,16391.70324
2015-07-14,16323.335088
2015-07-15,16428.720384
2015-07-16,16516.673514
2015-07-17,16456.24225
2015-07-20,16563.516945
2015-07-21,16383.457651
2015-07-22,16397.136415
2015-07-23,16405.57347
2015-07-24,16477.607055
2015-07-27,16353.332583
2015-07-28,16414.58882
2015-07-29,16492.64043
2015-07-30,16707.178873
2015-07-31,16737.37732
2015-08-03,16710.471866
2015-08-04,16757.81666
2015-08-05,16870.1291
2015-08-06,16672.662944
2015-08-07,16498.08998
2015-08-10,16735.348741
2015-08-11,16744.816805
2015-08-12,16634.743575
2015-08-13,16702.60968
2015-08-14,16753.34364
2015-08-17,16916.07024
2015-08-18,16861.91582
2015-08-19,16664.790324
2015-08-20,16451.299689
2015-08-21,16063.606225
2015-08-24,15778.495941
2015-08-25,15671.994156
2015-08-26,15910.045015
2015-08-27,16258.012416
2015-08-28,16538.126724
2015-08-31,16388.34163
2015-09-01,16153.986903
2015-09-02,16303.277144
2015-09-03,16515.14708
2015-09-04,16598.54272
2015-09-07,16774.469544
2015-09-08,16758.752136
2015-09-09,16854.014448
2015-09-10,16672.18869
2015-09-11,16606.97776
2015-09-14,16423.2232
2015-09-15,16525.840692
2015-09-16,16470.123915
2015-09-17,16578.148671
2015-09-18,16344.51991
2015-09-21,16497.660032
2015-09-22,16455.131184
2015-09-23,16649.64824
2015-09-24,16527.045261
2015-09-25,16664.02353
2015-09-28,16512.378528
2015-09-29,16279.775594
2015-09-30,16460.487174
2015-10-01,16599.750948
2015-10-02,16573.15374
2015-10-05,16740.957192
2015-10-06,16657.400814
2015-10-07,16725.39726
2015-10-08,16630.6689
2015-10-09,16785.666432
2015-10-12,16748.481384
2015-10-13,16912.648549
2015-10-14,16438.915603
2015-10-15,16418.55189
2015-10-16,16535.630856
2015-10-19,16757.252325
2015-10-20,16745.540396
2015-10-21,16982.95599
2015-10-22,16978.752285
2015-10-23,17454.08657
2015-10-26,17425.104339
2015-10-27,17371.80351
2015-10-28,17622.60612
2015-10-29,17781.2835
2015-10-30,17688.370925
2015-11-02,17744.392652
2015-11-03,17697.597208
2015-11-04,17958.796464
2015-11-05,17843.953192
2015-11-06,18133.5798
2015-11-09,18178.205176
2015-11-10,18129.020063
2015-11-11,17992.083125
2015-11-12,17971.42743
2015-11-13,17909.062899
2015-11-16,17937.51168
2015-11-17,17970.33375
2015-11-18,18005.806597
2015-11-19,17914.28668
2015-11-20,17837.9148
2015-11-23,17975.267664
2015-11-24,17909.9991
2015-11-25,18045.911403
2015-11-26,18321.010895
2015-11-27,18432.76644
2015-11-30,18441.29956
2015-12-01,18575.95862
2015-12-02,18328.74995
2015-12-03,18162.420957
2015-12-04,18296.272786
2015-12-07,18449.40243
2015-12-08,18351.885111
2015-12-09,18758.482716
2015-12-10,19362.900295
2015-12-11,19576.81731
2015-12-14,18536.57297
2015-12-15,18486.65728
2015-12-16,18738.205666
2015-12-17,18956.53782
2015-12-18,18557.30481
2015-12-21,18625.776737
2015-12-22,18831.496555
2015-12-23,19136.83472
2015-12-24,19247.31632
2015-12-25,19236.603768
2015-12-28,19236.847516
2015-12-29,19406.411125
2015-12-30,19617.996736
2015-12-31,19367.847975
2016-01-04,19136.520858
2016-01-05,19199.85795
2016-01-06,19221.46548
2016-01-07,19086.62504
2016-01-08,19181.215594
2016-01-11,19661.806089
2016-01-12,19572.15933
2016-01-13,19232.003227
2016-01-14,19133.482786
2016-01-15,19225.165457
2016-01-18,19196.49316
2016-01-19,19148.842064
2016-01-20,18779.01515
2016-01-21,18622.695616
2016-01-22,18997.776
2016-01-25,18893.48736
2016-01-26,18904.303616
2016-01-27,18919.19777
2016-01-28,18652.38678
2016-01-29,18643.98112
2016-02-01,18736.20648
2016-02-02,18762.658657
2016-02-03,18464.471673
2016-02-04,18474.283212
2016-02-05,18352.59875
2016-02-08,18198.06762
2016-02-09,17964.29467
2016-02-10,17739.298304
2016-02-11,17534.51119
2016-02-12,17726.661
2016-02-15,17761.34976
2016-02-16,18042.319065
2016-02-17,17964.37008
2016-02-18,17886.258
2016-02-19,17816.48946
2016-02-22,17808.58206
2016-02-23,17666.80838
2016-02-24,18049.01934
2016-02-25,18241.562794
2016-02-26,18940.12008
2016-02-29,18523.087605
2016-03-01,18516.588405
2016-03-02,18625.08346
2016-03-03,18892.25118
2016-03-04,18654.647412
2016-03-07,18543.40488
2016-03-08,18578.873406
2016-03-09,18358.373435
2016-03-10,18583.071771
2016-03-11,18740.314552
2016-03-14,19085.27481
2016-03-15,19473.994221
2016-03-16,19191.105135
2016-03-17,18846.532625
2016-03-18,18996.98875
2016-03-21,18925.30316
2016-03-22,18924.558144
2016-03-23,18929.73311
2016-03-24,18959.98104
2016-03-25,18979.016199
2016-03-28,19009.873792
2016-03-29,18806.3928
2016-03-30,18694.616564
2016-03-31,18453.591541
2016-04-01,18269.74678
2016-04-04,18380.294444
2016-04-05,18503.199052
2016-04-06,18672.739893
2016-04-07,18762.606799
2016-04-08,18546.238
2016-04-11,18237.8469
2016-04-12,18329.294295
2016-04-13,18364.93791
2016-04-14,18456.769408
2016-04-15,18463.446764
2016-04-18,18410.86632
2016-04-19,18318.447906
2016-04-20,18256.624424
2016-04-21,18352.72852
2016-04-22,18430.4943
2016-04-25,18453.476594
2016-04-26,18438.110636
2016-04-27,18452.86128
2016-04-28,18190.707912
2016-04-29,18085.40991
2016-05-02,18179.70451
2016-05-03,18462.663044
2016-05-04,18732.655566
2016-05-05,18674.576557
2016-05-06,18599.594221
2016-05-09,18974.771552
2016-05-10,19108.05855
2016-05-11,18907.56929
2016-05-12,18890.42505
2016-05-13,19175.7861
2016-05-16,19650.44345
2016-05-17,19428.909952
2016-05-18,19836.97443
2016-05-19,19585.115232
2016-05-20,19533.181802
2016-05-23,19608.961086
2016-05-24,19752.8966
2016-05-25,19954.77486
2016-05-26,19799.391892
2016-05-27,20090.156436
2016-05-30,20228.592208
2016-05-31,20093.80152
2016-06-01,19931.415768
2016-06-02,19914.064488
2016-06-03,19368.91824
2016-06-06,19213.151922
2016-06-07,19317.650394
2016-06-08,19161.070866
2016-06-09,19124.3357
2016-06-10,19401.8265
2016-06-13,19080.317412
2016-06-14,19063.930926
2016-06-15,19043.722649
2016-06-16,19090.09944
2016-06-17,18908.776096
2016-06-20,18877.835692
2016-06-21,18771.348768
2016-06-22,18619.579635
2016-06-23,18631.296
2016-06-24,18529.2216
2016-06-27,18551.59976
2016-06-28,18533.4924
2016-06-29,18463.031445
2016-06-30,18548.4736
2016-07-01,18473.32432
2016-07-04,18487.383796
2016-07-05,18538.2987
2016-07-06,18473.0403
2016-07-07,18524.166004
2016-07-08,18458.56662
2016-07-11,18513.369488
2016-07-12,18531.627618
2016-07-13,18762.0914
2016-07-14,18513.9248
2016-07-15,18957.55675
2016-07-18,18547.9512
2016-07-19,18608.124
2016-07-20,18718.2759
2016-07-21,18552.9762
2016-07-22,18649.1088
2016-07-25,18696.9222
2016-07-26,18728.4702
2016-07-27,18606.9808
2016-07-28,18481.1922
2016-07-29,18302.235
2016-08-01,18314.544
2016-08-02,18286.218576
2016-08-03,18142.223454
2016-08-04,17926.724
2016-08-05,18045.234075
2016-08-08,17898.5758
2016-08-09,17748.3
2016-08-10,17560.33965
2016-08-11,17828.566
2016-08-12,17929.668127
2016-08-15,17738.714469
2016-08-16,17813.6097
2016-08-17,17751.8838
2016-08-18,17808.06684
2016-08-19,17944.8225
2016-08-22,18044.878443
2016-08-23,18681.50565
2016-08-24,18817.0824
2016-08-25,18834.312
2016-08-26,19045.4232
2016-08-29,19081.44
2016-08-30,19165.4384
2016-08-31,19447.8717
2016-09-01,19313.3666
2016-09-02,19279.828
2016-09-05,19183.21191
2016-09-06,18742.174144
2016-09-07,18824.6766
2016-09-08,18947.21185
2016-09-09,18908.774374
2016-09-12,18749.07
2016-09-13,18734.983161
2016-09-14,18619.19402
2016-09-15,18656.832182
2016-09-16,18476.902572
2016-09-19,18337.976853
2016-09-20,18213.8931
2016-09-21,17963.247413
2016-09-22,18251.6604
2016-09-23,18243.392853
2016-09-26,18055.509416
2016-09-27,17784.7488
2016-09-28,18091.2286
2016-09-29,18382.672
2016-09-30,18221.0013
2016-10-03,18022.218047
2016-10-04,18279.1612
2016-10-05,18176.983732
2016-10-06,18352.68355
2016-10-07,18262.329356
2016-10-10,18274.2307
2016-10-11,18795.976747
2016-10-12,18552.385461
2016-10-13,18535.1175
2016-10-14,18653.570766
2016-10-17,18370.00746
2016-10-18,18190.906488
2016-10-19,18174.003
2016-10-20,18281.908884
2016-10-21,18291.480116
2016-10-24,18264.49578
2016-10-25,17988.068728
2016-10-26,18138.534057
2016-10-27,18055.212812
2016-10-28,17964.07998
2016-10-31,17499.7498
2016-11-01,17607.24
2016-11-02,17303.740059
2016-11-03,17240.895126
2016-11-04,17329.8399
2016-11-07,17297.838621
2016-11-08,17145.862
2016-11-09,17545.7856
2016-11-10,18501.8596
2016-11-11,18800.622715
2016-11-14,18845.946792
2016-11-15,18615.2707
2016-11-16,18754.45
2016-11-17,19020.3273
2016-11-18,18979.652505
2016-11-21,18823.77035
2016-11-22,18619.658
2016-11-23,18689.752744
2016-11-24,18743.429874
2016-11-25,18766.162303
2016-11-28,18172.521465
2016-11-29,18393.963925
2016-11-30,18636.8512
2016-12-01,18625.113
2016-12-02,18220.387587
2016-12-05,18230.587376
2016-12-06,18228.542724
2016-12-07,18214.611123
2016-12-08,18511.9352
2016-12-09,18815.070762
2016-12-12,18513.817428
2016-12-13,18661.764865
2016-12-14,18966.46741
2016-12-15,18928.48128
2016-12-16,19082.885
2016-12-19,19201.15428
2016-12-20,19038.946212
2016-12-21,19049.66
2016-12-22,19059.85071
2016-12-23,19042.423856
2016-12-26,19026.886254
2016-12-27,18949.74417
2016-12-28,18739.2246
2016-12-29,18460.8762
2016-12-30,18609.75983
2017-01-02,18642.8442
2017-01-03,18805.89752
2017-01-04,18696.568925
2017-01-05,18739.3136
2017-01-06,18945.3405
2017-01-09,18777.9922
2017-01-10,18909.625904
2017-01-11,18896.733934
2017-01-12,18619.88898
2017-01-13,18685.215
2017-01-16,18874.996055
2017-01-17,18561.37467
2017-01-18,18826.74864
2017-01-19,18607.968108
2017-01-20,18742.7844
2017-01-23,18569.482065
2017-01-24,18551.6376
2017-01-25,18498.5829
2017-01-26,18640.083248
2017-01-27,18792.8312
2017-01-30,18716.74278
2017-01-31,18679.92678
2017-02-01,18691.3636
2017-02-02,18616.980186
2017-02-03,18557.25225
2017-02-06,18499.66478
2017-02-07,18719.172
2017-02-08,18711.70365
2017-02-09,18752.5611
2017-02-10,18777.1755
2017-02-13,18838.076075
2017-02-14,18506.395782
2017-02-15,18335.03021
2017-02-16,18552.3746
2017-02-17,18591.4324
2017-02-20,18561.545262
2017-02-21,18752.087516
2017-02-22,18515.421716
2017-02-23,18391.4718
2017-02-24,18482.25075
2017-02-27,18567.625362
2017-02-28,18689.781692
2017-03-01,18720.307815
2017-03-02,18837.62832
2017-03-03,18638.3862
2017-03-06,18587.4
2017-03-07,18488.190504
2017-03-08,18654.1849
2017-03-09,18941.513545
2017-03-10,18789.680832
2017-03-13,18825.1524
2017-03-14,18748.023408
2017-03-15,18364.374
2017-03-16,18423.11217
2017-03-17,18359.005392
2017-03-20,18224.852352
2017-03-21,18125.767424
2017-03-22,17925.96306
2017-03-23,17788.19191
2017-03-24,17775.87522
2017-03-27,18228.9186
2017-03-28,18719.2395
2017-03-29,18780.24485
2017-03-30,19187.3046
2017-03-31,19319.268514
2017-04-03,19649.073648
2017-04-04,19553.687615
2017-04-05,19759.363848
2017-04-06,19716.95
2017-04-07,19711.320725
2017-04-10,20000.218368
2017-04-11,19811.2656
2017-04-12,19266.44489
2017-04-13,19151.184458
2017-04-14,19082.20248
2017-04-17,19053.580763
2017-04-18,18943.00071
2017-04-19,18946.6406
2017-04-20,18882.4428
2017-04-21,18813.885966
2017-04-24,18928.65
2017-04-25,19110.2895
2017-04-26,19441.000425
2017-04-27,19545.864802
2017-04-28,19534.550746
2017-05-01,19645.847666
2017-05-02,19586.0548
2017-05-03,19682.34919
2017-05-04,20026.207886
2017-05-05,19800.60736
2017-05-08,20102.08154
2017-05-09,20073.5646
2017-05-10,19884.36457
2017-05-11,19680.845528
2017-05-12,19678.17241
2017-05-15,19509.921475
2017-05-16,19394.407408
2017-05-17,19354.19232
2017-05-18,19668.6204
2017-05-19,19528.794985
2017-05-22,19620.8896
2017-05-23,19426.5945
2017-05-24,19173.97414
2017-05-25,19282.07918
2017-05-26,19158.685862
2017-05-29,19295.908002
2017-05-30,19523.264628
2017-05-31,19520.579925
2017-06-01,19322.7048
2017-06-02,19318.87605
2017-06-05,19132.956935
2017-06-06,19263.406245
2017-06-07,19286.821902
2017-06-08,19380.417672
2017-06-09,19431.55881
2017-06-12,19185.482876
2017-06-13,19217.794815
2017-06-14,19037.23028
2017-06-15,19247.951589
2017-06-16,19230.92024
2017-06-19,19650.54
2017-06-20,19587.527
2017-06-21,19590.21805
2017-06-22,19453.1842
2017-06-23,19417.82544
2017-06-26,19353.29384
2017-06-27,19504.455488
2017-06-28,19497.9596
2017-06-29,19515.901395
2017-06-30,19545.565752
2017-07-03,19829.344275
2017-07-04,19771.100013
2017-07-05,20067.491136
2017-07-06,20030.01048
2017-07-07,20020.1924
2017-07-10,20188.4568
2017-07-11,20298.257992
2017-07-12,20014.837612
2017-07-13,19973.178384
2017-07-14,19818.90768
2017-07-17,19701.258525
2017-07-18,19650.06889
2017-07-19,19789.6932
2017-07-20,20011.7519
2017-07-21,19760.413376
2017-07-24,19797.211725
2017-07-25,20060.703936
2017-07-26,19792.336832
2017-07-27,19949.263071
2017-07-28,19932.999426
2017-07-31,20190.435733
2017-08-01,20425.145884
2017-08-02,20325.33787
2017-08-03,20604.6291
2017-08-04,20686.369
2017-08-07,20364.756348
2017-08-08,20548.701376
2017-08-09,20570.368566
2017-08-10,20398.764482
2017-08-11,20347.472767
2017-08-14,20334.2244
2017-08-15,20267.118234
2017-08-16,20112.544326
2017-08-17,20070.683892
2017-08-18,19851.458392
2017-08-21,19919.492624
2017-08-22,20108.964696
2017-08-23,19986.226137
2017-08-24,20029.277823
2017-08-25,19836.35633
2017-08-28,19886.963193
2017-08-29,19761.420616
2017-08-30,19812.370619
2017-08-31,19944.633472
2017-09-01,19915.908156
2017-09-04,19955.7717
2017-09-05,19762.178975
2017-09-06,19589.152
2017-09-07,19707.51623
2017-09-08,19915.686696
2017-09-11,20138.01714
2017-09-12,20252.05775
2017-09-13,20428.841678
2017-09-14,20397.15813
2017-09-15,20500.256088
2017-09-18,20771.402652
2017-09-19,20854.404208
2017-09-20,20901.50272
2017-09-21,20725.976802
2017-09-22,20723.35558
2017-09-25,20802.096549
2017-09-26,20820.185505
2017-09-27,21222.600812
2017-09-28,21185.84
2017-09-29,21312.756435
2017-10-02,21450.6
2017-10-03,21580.304144
2017-10-04,21447.829425
2017-10-05,21699.092224
2017-10-06,21810.74885
2017-10-09,21839.325288
2017-10-10,21780.69546
2017-10-11,21525.339186
2017-10-12,21452.408562
2017-10-13,21153.031104
2017-10-16,21257.45373
2017-10-17,21345.9363
2017-10-18,21672.08896
2017-10-19,21548.3192
2017-10-20,21819.628312
2017-10-23,21866.97334
2017-10-24,21923.453505
2017-10-25,22330.312212
2017-10-26,22664.4056
2017-10-27,22484.656228
2017-10-30,22457.834685
2017-10-31,22628.465146
2017-11-01,22557.4317
2017-11-02,22443.112208
2017-11-03,22851.179247
2017-11-06,22675.401192
2017-11-07,22875.387689
2017-11-08,22783.206078
2017-11-09,22857.433207
2017-11-10,23022.911184
2017-11-13,23136.79386
2017-11-14,22929.08376
2017-11-15,22844.64993
2017-11-16,22646.584885
2017-11-17,22358.172305
2017-11-20,22501.271136
2017-11-21,22527.6029
2017-11-22,22328.294872
2017-11-23,22434.078816
2017-11-24,22963.80862
2017-11-27,22263.45
2017-11-28,22227.609
2017-11-29,22229.147882
2017-11-30,22410.66099
2017-12-01,22328.249721
2017-12-04,22023.880047
2017-12-05,21835.91848
2017-12-06,21873.78015
2017-12-07,22317.372375
2017-12-08,22284.8535
2017-12-11,22275.783179
2017-12-12,22409.912655
2017-12-13,22057.89408
2017-12-14,22069.982824
2017-12-15,21570.789075
2017-12-18,21154.424441
2017-12-19,20983.003215
2017-12-20,20972.449828
2017-12-21,21116.472275
2017-12-22,20820.738346
2017-12-25,20888.344125
2017-12-26,20716.844
2017-12-27,20321.954358
2017-12-28,20545.856875
2017-12-29,20505.498838
2018-01-01,20519.021106
2018-01-02,20787.23314
2018-01-03,20717.949247
2018-01-04,20790.86592
2018-01-05,20890.873954
2018-01-08,21043.2255
2018-01-09,21028.1004
2018-01-10,21182.772912
2018-01-11,21196.73649
2018-01-12,21270.331904
2018-01-15,21260.575767
2018-01-16,21163.67433
2018-01-17,21311.78415
2018-01-18,20984.21325
2018-01-19,21185.492463
2018-01-22,21081.934158
2018-01-23,21135.50075
2018-01-24,20840.143515
2018-01-25,20973.6291
2018-01-26,20995.698212
2018-01-29,21013.0866
2018-01-30,20838.468224
2018-01-31,20668.33395
2018-02-01,20638.375654
2018-02-02,20666.927112
2018-02-05,20100.2928
2018-02-06,19706.766944
2018-02-07,19970.828625
2018-02-08,19611.332988
2018-02-09,19451.149172
2018-02-12,19446.760067
2018-02-13,19609.8217
2018-02-14,19443.409743
2018-02-15,19508.5884
2018-02-16,19615.158
2018-02-19,19654.421472
2018-02-20,19672.892316
2018-02-21,19494.67002
2018-02-22,19468.178328
2018-02-23,19500.5228
2018-02-26,19678.263363
2018-02-27,19786.108457
2018-02-28,19700.371194
2018-03-01,19547.83272
2018-03-02,19636.394233
2018-03-05,19679.300733
2018-03-06,19706.43024
2018-03-07,19804.210056
2018-03-08,20001.495
2018-03-09,20071.961142
2018-03-12,20135.845492
2018-03-13,20038.98055
2018-03-14,19874.073996
2018-03-15,20080.267473
2018-03-16,20218.8794
2018-03-19,20073.518965
2018-03-20,19990.426525
2018-03-21,19754.766
2018-03-22,19452.906248
2018-03-23,18954.152442
2018-03-26,19053.000696
2018-03-27,19010.56542
2018-03-28,19118.55627
2018-03-29,19387.705798
2018-03-30,19400.00056
2018-04-02,19151.06151
2018-04-03,19209.257496
2018-04-04,19418.83125
2018-04-05,19755.5274
2018-04-06,19586.2294
2018-04-09,19766.91431
2018-04-10,19957.400127
2018-04-11,19736.991376
2018-04-12,20011.625424
2018-04-13,20009.666655
2018-04-16,20100.7255
2018-04-17,20129.61575
2018-04-18,20119.73187
2018-04-19,20098.85397
2018-04-20,20172.016875
2018-04-23,20581.8925
2018-04-24,20384.776985
2018-04-25,20525.140306
2018-04-26,20617.093695
2018-04-27,20523.762822
2018-04-30,20666.102142
2018-05-01,20965.9728
2018-05-02,20979.01626
2018-05-03,20719.960734
2018-05-04,20755.8131
2018-05-07,20927.929576
2018-05-08,20964.07425
2018-05-09,21085.97928
2018-05-10,20783.91315
2018-05-11,20799.78192
2018-05-14,20962.16238
2018-05-15,21214.394265
2018-05-16,21032.65461
2018-05-17,21352.283604
2018-05-18,21581.9702
2018-05-21,21541.463426
2018-05-22,21339.227856
2018-05-23,21079.157633
2018-05-24,20985.75062
2018-05-25,21035.821015
2018-05-28,20948.554575
2018-05-29,21105.09132
2018-05-30,20992.788868
2018-05-31,21239.4967
2018-06-01,21363.45624
2018-06-04,21289.738344
2018-06-05,21631.789
2018-06-06,21699.115585
2018-06-07,22198.727396
2018-06-08,22321.21462
2018-06-11,22559.21955
2018-06-12,22871.21117
2018-06-13,22769.489168
2018-06-14,23043.894146
2018-06-15,22919.95698
2018-06-18,23195.485405
2018-06-19,23222.46838
2018-06-20,23141.143512
2018-06-21,22881.44196
2018-06-22,22739.487241
2018-06-25,22602.999
2018-06-26,22630.8384
2018-06-27,23012.60544
2018-06-28,22891.2483
2018-06-29,22938.668225
2018-07-02,23019.1448
2018-07-03,22776.475024
2018-07-04,22785.836535
2018-07-05,22697.40262
2018-07-06,22760.547216
2018-07-09,22851.019724
2018-07-10,22765.840965
2018-07-11,22957.392416
2018-07-12,22652.681832
2018-07-13,22629.195414
2018-07-16,22519.329792
2018-07-17,22670.218937
2018-07-18,22708.965416
2018-07-19,23092.016904
2018-07-20,22904.971159
2018-07-23,23006.763
2018-07-24,22815.04
2018-07-25,22614.010419
2018-07-26,22850.006739
2018-07-27,22664.712024
2018-07-30,22559.705616
2018-07-31,22816.3053
2018-08-01,22696.096
2018-08-02,23065.2708
2018-08-03,22918.365796
2018-08-06,23144.524515
2018-08-07,23062.45087
2018-08-08,23156.95584
2018-08-09,23694.144276
2018-08-10,24122.96603
2018-08-13,24496.6827
2018-08-14,24317.47611
2018-08-15,24623.916934
2018-08-16,25076.86916
2018-08-17,25024.853014
2018-08-20,24912.412001
2018-08-21,24763.886667
2018-08-22,24443.948136
2018-08-23,24765.0461
2018-08-24,24583.195812
2018-08-27,24711.010776
2018-08-28,24852.63975
2018-08-29,25144.1862
2018-08-30,25690.233744
2018-08-31,25585.9188
2018-09-03,25835.949168
2018-09-04,26559.957888
2018-09-05,26612.5839
2018-09-06,26314.903824
2018-09-07,26070.30083
2018-09-10,26058.79216
2018-09-11,25886.79346
2018-09-12,25764.455868
2018-09-13,25574.142912
2018-09-14,25892.79225
2018-09-17,25794.91305
2018-09-18,25916.362736
2018-09-19,25578.763392
2018-09-20,25088.840322
2018-09-21,25164.249126
2018-09-24,25192.785036
2018-09-25,25186.312944
2018-09-26,24738.8048
2018-09-27,24705.125874
2018-09-28,24714.108032
2018-10-01,24862.33068
2018-10-02,25036.239558
2018-10-03,25551.372256
2018-10-04,25713.617817
2018-10-05,25371.912114
2018-10-08,25399.63149
2018-10-09,24843.12966
2018-10-10,24616.060166
2018-10-11,23900.913296
2018-10-12,23915.086592
2018-10-15,23583.779582
2018-10-16,23655.928032
2018-10-17,23778.992832
2018-10-18,23817.708932
2018-10-19,23726.331981
2018-10-22,23464.734684
2018-10-23,23120.091021
2018-10-24,23093.39965
2018-10-25,23375.547802
2018-10-26,23065.414262
2018-10-29,23193.615224
2018-10-30,23255.106418
2018-10-31,23854.092016
2018-11-01,23471.888517
2018-11-02,23265.509176
2018-11-05,23061.51888
2018-11-06,23102.46048
2018-11-07,23137.11244
2018-11-08,23496.585904
2018-11-09,23579.211276
2018-11-12,23454.8488
2018-11-13,23364.071094
2018-11-14,23143.417024
2018-11-15,22990.493648
2018-11-16,22742.877188
2018-11-19,22487.609732
2018-11-20,22243.077717
2018-11-21,22066.079964
2018-11-22,21795.308502
2018-11-23,21870.440424
2018-11-26,22202.702388
2018-11-27,22227.769047
2018-11-28,22314.221279
2018-11-29,22203.563427
2018-11-30,22600.19744
2018-12-03,22577.1757
2018-12-04,22297.8075
2018-12-05,22191.6096
2018-12-06,22312.79409
2018-12-07,22222.8737
2018-12-10,22401.975816
2018-12-11,22342.316164
2018-12-12,22225.734216
2018-12-13,22305.390825
2018-12-14,22290.022576
2018-12-17,21952.558614
2018-12-18,21819.1704
2018-12-19,21691.666828
2018-12-20,21370.703625
2018-12-21,21383.651502
2018-12-24,20952.490109
2018-12-25,20907.749946
2018-12-26,21462.329991
2018-12-27,21497.832664
2018-12-28,21518.348928
2018-12-31,21566.287468
2019-01-01,21615.8722
2019-01-02,21702.553711
2019-01-03,21152.639844
2019-01-04,21217.715208
2019-01-07,21276.254094
2019-01-08,21614.067468
2019-01-09,21614.807892
2019-01-10,21699.196444
2019-01-11,21656.475659
2019-01-14,21468.075775
2019-01-15,21574.00989
2019-01-16,21539.62118
2019-01-17,21698.688635
2019-01-18,22161.69538
2019-01-21,22138.791714
2019-01-22,22120.203389
2019-01-23,21888.628056
2019-01-24,21776.525316
2019-01-25,21820.78769
2019-01-28,21772.58259
2019-01-29,21658.004904
2019-01-30,21450.481856
2019-01-31,21527.5125
2019-02-01,21638.364219
2019-02-04,21907.7448
2019-02-05,21970.193955
2019-02-06,22207.985208
2019-02-07,22112.737552
2019-02-08,22049.091438
2019-02-11,22370.642275
2019-02-12,22563.736002
2019-02-13,23141.53577
2019-02-14,23215.96121
2019-02-15,23339.943966
2019-02-18,23469.359122
2019-02-19,23382.6177
2019-02-20,23446.041528
2019-02-21,23378.508324
2019-02-22,23449.281733
2019-02-25,23226.306251
2019-02-26,23229.549651
2019-02-27,23407.37026
2019-02-28,23589.974162
2019-03-01,23953.44088
2019-03-04,23865.462269
2019-03-05,23743.964962
2019-03-06,23795.912892
2019-03-07,23998.66
2019-03-08,23758.15476
2019-03-11,23868.6212
2019-03-12,23986.613654
2019-03-13,24248.576234
2019-03-14,24458.534188
2019-03-15,24387.095232
2019-03-18,24564.753488
2019-03-19,24683.93
2019-03-20,24151.98561
2019-03-21,24245.79
2019-03-22,24333.14822
2019-03-25,23941.584695
2019-03-26,24294.42505
2019-03-27,24530.572664
2019-03-28,24555.194585
2019-03-29,24521.044875
2019-04-01,24225.86621
2019-04-02,24314.66
2019-04-03,24348.6558
2019-04-04,24316.6168
2019-04-05,24354.74349
2019-04-08,24402.748315
2019-04-09,24257.655444
2019-04-10,24028.5513
2019-04-11,24177.774528
2019-04-12,24227.14424
2019-04-15,24403.57817
2019-04-16,24411.200583
2019-04-17,24277.626906
2019-04-18,24388.110738
2019-04-19,24398.8085
2019-04-22,24575.108219
2019-04-23,24907.168264
2019-04-24,25159.276548
2019-04-25,25087.13766
2019-04-26,25134.330123
2019-04-29,25044.9327
2019-04-30,25045.785375
2019-05-01,25218.674604
2019-05-02,25239.028218
2019-05-03,25141.398205
2019-05-06,25235.0136
2019-05-07,24810.566272
2019-05-08,24644.3826
2019-05-09,24479.977665
2019-05-10,24246.144929
2019-05-13,24084.24867
2019-05-14,24076.60038
2019-05-15,24165.817833
2019-05-16,24469.548253
2019-05-17,24568.38424
2019-05-20,24376.518882
2019-05-21,24571.728
2019-05-22,24433.500303
2019-05-23,24328.02375
2019-05-24,24291.759
2019-05-27,24345.03864
2019-05-28,24743.56905
2019-05-29,24371.523345
2019-05-30,24513.800155
2019-05-31,24048.1062
2019-06-03,23822.373774
2019-06-04,24544.024
2019-06-05,25120.9319
2019-06-06,25417.743624
2019-06-07,25608.57432
2019-06-10,25488.875808
2019-06-11,25265.620241
2019-06-12,25559.085116
2019-06-13,25586.154765
2019-06-14,25465.152752
2019-06-17,25409.297066
2019-06-18,25137.366528
2019-06-19,24929.14732
2019-06-20,25169.205705
2019-06-21,25114.1296
2019-06-24,25176.101711
2019-06-25,24974.625874
2019-06-26,24707.690675
2019-06-27,24725.100033
2019-06-28,24719.047785
2019-07-01,24967.953381
2019-07-02,24969.63112
2019-07-03,25049.800918
2019-07-04,25045.8207
2019-07-05,25194.532248
2019-07-08,25070.298823
2019-07-09,25054.1455
2019-07-10,24794.245652
2019-07-11,24799.50861
2019-07-12,24924.668202
2019-07-15,24791.631996
2019-07-16,24797.499168
2019-07-17,24806.108798
2019-07-18,24502.75345
2019-07-19,24648.705048
2019-07-22,24533.864226
2019-07-23,24782.48812
2019-07-24,24809.341662
2019-07-25,25032.975575
2019-07-26,25533.408232
2019-07-29,25249.807392
2019-07-30,25248.0683
2019-07-31,25308.477012
2019-08-01,25688.053872
2019-08-02,25631.49567
2019-08-05,25230.810854
2019-08-06,25375.9608
2019-08-07,25669.660779
2019-08-08,26024.05647
2019-08-09,26282.89332
2019-08-12,26111.43648
2019-08-13,26032.164114
2019-08-14,25935.022512
2019-08-15,25647.122982
2019-08-16,26023.456008
2019-08-19,26588.323656
2019-08-20,26267.535475
2019-08-21,26131.383031
2019-08-22,26227.21424
2019-08-23,25770.930815
2019-08-26,25959.510854
2019-08-27,25988.286156
2019-08-28,26238.660023
2019-08-29,26332.313301
2019-08-30,26203.2606
2019-09-02,26277.67443
2019-09-03,25898.227328
2019-09-04,25653.143242
2019-09-05,26100.532484
2019-09-06,26017.011384
2019-09-09,25957.148616
2019-09-10,25761.72112
2019-09-11,26018.930688
2019-09-12,25964.74118
2019-09-13,25968.967472
2019-09-16,26029.59819
2019-09-17,26179.156575
2019-09-18,26120.61312
2019-09-19,26395.546395
2019-09-20,26510.402556
2019-09-23,26422.481512
2019-09-24,26215.5662
2019-09-25,26453.57556
2019-09-26,26498.055633
2019-09-27,26655.227551
2019-09-30,26675.69575
2019-10-01,26739.669257
2019-10-02,26240.408544
2019-10-03,26099.441584
2019-10-04,26199.5296
2019-10-07,26408.932281
2019-10-08,26262.155056
2019-10-09,26226.3365
2019-10-10,26159.691048
2019-10-11,26095.35357
2019-10-14,26079.244755
2019-10-15,26443.23498
2019-10-16,26529.62192
2019-10-17,26420.629626
2019-10-18,26271.008505
2019-10-21,26388.001136
2019-10-22,26023.53273
2019-10-23,26173.784385
2019-10-24,26361.14205
2019-10-25,26317.822284
2019-10-28,26291.404587
2019-10-29,26434.96758
2019-10-30,27153.81024
2019-10-31,27289.50237
2019-11-01,27406.478912
2019-11-04,27111.834964
2019-11-05,26981.738558
2019-11-06,27101.636262
2019-11-07,27045.766619
2019-11-08,27288.302206
2019-11-11,27316.102904
2019-11-12,27461.662821
2019-11-13,27382.875984
2019-11-14,27184.881768
2019-11-15,27185.961872
2019-11-18,27417.493089
2019-11-19,27322.59092
2019-11-20,27241.109472
2019-11-21,27001.505812
2019-11-22,27096.80385
2019-11-25,27433.532784
2019-11-26,27532.95504
2019-11-27,27539.61004
2019-11-28,27439.14369
2019-11-29,27219.851595
2019-12-02,26854.66476
2019-12-03,26865.93108
2019-12-04,26938.25224
2019-12-05,27087.923578
2019-12-06,27252.37331
2019-12-09,27295.281608
2019-12-10,27488.296626
2019-12-11,27331.891172
2019-12-12,27155.370396
2019-12-13,27331.642998
2019-12-16,27250.17156
2019-12-17,27281.292454
2019-12-18,27098.621586
2019-12-19,27018.26043
2019-12-20,27217.953451
2019-12-23,27120.652299
2019-12-24,27036.412397
2019-12-25,27029.96552
2019-12-26,27066.11419
2019-12-27,26940.426628
2019-12-30,26980.282089
2019-12-31,26815.287688
2020-01-01,26839.904064
2020-01-02,27169.685505
2020-01-03,27470.589186
2020-01-06,27256.670231
2020-01-07,27426.966336
2020-01-08,27187.649024
2020-01-09,27430.333536
2020-01-10,27703.662256
2020-01-13,27902.8257
2020-01-14,27910.515439
2020-01-15,27925.089806
2020-01-16,28149.05368
2020-01-17,28330.348608
2020-01-20,28395.90899
2020-01-21,28333.52514
2020-01-22,28015.102284
2020-01-23,28088.633065
2020-01-24,27944.528844
2020-01-27,27910.15924
2020-01-28,27989.276858
2020-01-29,28156.297751
2020-01-30,28380.0811
2020-01-31,28483.622352
2020-02-03,28343.127424
2020-02-04,28552.800925
2020-02-05,28802.67
2020-02-06,29186.192815
2020-02-07,29334.82668
2020-02-10,29216.153274
2020-02-11,29054.106364
2020-02-12,29305.787152
2020-02-13,29450.29024
2020-02-14,29372.121324
2020-02-17,29520.983726
2020-02-18,29456.336385
2020-02-19,29518.37112
2020-02-20,29683.423242
2020-02-21,29233.87698
2020-02-24,28640.7555
2020-02-25,28008.828765
2020-02-26,28024.425954
2020-02-27,27356.4108
2020-02-28,27207.539442
2020-03-02,27547.1658
2020-03-03,27226.458288
2020-03-04,27711.36544
2020-03-05,27749.597704
2020-03-06,27267.783348
2020-03-09,25970.01095
2020-03-10,26417.615895
2020-03-11,25798.71248
2020-03-12,23684.930077
2020-03-13,24637.749331
2020-03-16,22842.774934
2020-03-17,23595.1275
2020-03-18,22980.255552
2020-03-19,23702.414775
2020-03-20,23313.258956
2020-03-23,22925.281341
2020-03-24,24491.3526
2020-03-25,24871.077
2020-03-26,26096.377216
2020-03-27,25902.93375
2020-03-30,26959.222658
2020-03-31,26607.76629
2020-04-01,26100.617256
2020-04-02,26725.0546
2020-04-03,27136.39312
2020-04-06,28194.521696
2020-04-07,27856.395398
2020-04-08,28360.47369
2020-04-09,28597.340605
2020-04-10,28535.030965
2020-04-13,28543.640391
2020-04-14,29548.729773
2020-04-15,29439.297232
2020-04-16,29772.915
2020-04-17,30381.853273
2020-04-20,30211.979637
2020-04-21,29490.002334
2020-04-22,30088.89981
2020-04-23,30355.831296
2020-04-24,30440.547242
2020-04-27,30610.657156
2020-04-28,30476.484522
2020-04-29,30355.72872
2020-04-30,30710.151432
2020-05-01,30501.035492
2020-05-04,29937.063246
2020-05-05,30170.866503
2020-05-06,30356.983734
2020-05-07,30433.6855
2020-05-08,30590.15014
2020-05-11,30682.43932
2020-05-12,30281.307028
2020-05-13,29832.209928
2020-05-14,29728.823748
2020-05-15,30105.085795
2020-05-18,30705.6421
2020-05-19,30563.76924
2020-05-20,30349.061741
2020-05-21,29546.752344
2020-05-22,29608.896504
2020-05-25,29766.814343
2020-05-26,29843.543792
2020-05-27,30156.39552
2020-05-28,30501.468333
2020-05-29,30570.28502
2020-06-01,30494.65483
2020-06-02,30471.041952
2020-06-03,30558.754
2020-06-04,30489.465182
2020-06-05,31112.34015
2020-06-08,31058.18087
2020-06-09,30782.913272
2020-06-10,30379.378876
2020-06-11,30007.97686
2020-06-12,29986.465
2020-06-15,30181.24928
2020-06-16,31110.51608
2020-06-17,30948.47313
2020-06-18,31410.063072
2020-06-19,31052.663714
2020-06-22,31187.868441
2020-06-23,31295.146536
2020-06-24,30765.492135
2020-06-25,30511.005924
2020-06-26,30178.5173
2020-06-29,30548.061239
2020-06-30,30983.63159
2020-07-01,30599.8658
2020-07-02,30721.910144
2020-07-03,30728.96541
2020-07-06,31186.643322
2020-07-07,31218.112626
2020-07-08,30927.214116
2020-07-09,30578.172504
2020-07-10,30709.353735
2020-07-13,30757.143813
2020-07-14,30787.817426
2020-07-15,30937.40874
2020-07-16,31180.28372
2020-07-17,31053.590568
2020-07-20,31183.392042
2020-07-21,30925.676375
2020-07-22,31124.428268
2020-07-23,31239.548277
2020-07-24,31043.13828
2020-07-27,30839.914626
2020-07-28,30860.535636
2020-07-29,31209.83217
2020-07-30,31391.124405
2020-07-31,31849.998528
2020-08-03,32457.673083
2020-08-04,33088.8483
2020-08-05,33211.421544
2020-08-06,33448.21693
2020-08-07,33819.892721
2020-08-10,33999.181275
2020-08-11,33592.698579
2020-08-12,33978.741949
2020-08-13,33905.990086
2020-08-14,33733.889597
2020-08-17,34137.51939
2020-08-18,33844.47945
2020-08-19,33656.256925
2020-08-20,33564.7152
2020-08-21,33354.957888
2020-08-24,33302.067828
2020-08-25,33189.385784
2020-08-26,33528.4502
2020-08-27,33827.551545
2020-08-28,33118.96844
2020-08-31,33797.173077
2020-09-01,33356.946041
2020-09-02,34033.192884
2020-09-03,32975.933875
2020-09-04,32401.52748
2020-09-07,32769.10626
2020-09-08,32389.65132
2020-09-09,32318.3861
2020-09-10,32552.417524
2020-09-11,32237.2999
2020-09-14,32505.669203
2020-09-15,32210.404242
2020-09-16,31788.413685
2020-09-17,31393.486764
2020-09-18,31517.217732
2020-09-21,31838.040122
2020-09-22,32051.363916
2020-09-23,32050.085056
2020-09-24,31671.989979
2020-09-25,32429.989398
2020-09-28,32856.05968
2020-09-29,32590.74829
2020-09-30,32290.570135
2020-10-01,32225.827595
2020-10-02,31908.966208
2020-10-05,32539.024396
2020-10-06,32587.521005
2020-10-07,32741.725835
2020-10-08,32926.355008
2020-10-09,32953.274655
2020-10-12,33429.5571
2020-10-13,33144.458374
2020-10-14,33138.1869
2020-10-15,33181.03112
2020-10-16,33016.447446
2020-10-19,32651.835
2020-10-20,32649.264396
2020-10-21,32221.967128
2020-10-22,32091.45885
2020-10-23,32200.512417
2020-10-26,31733.088261
2020-10-27,31548.315292
2020-10-28,30926.406096
2020-10-29,31090.968798
2020-10-30,30492.86136
2020-11-02,30819.916932
2020-11-03,31161.612899
2020-11-04,31375.20672
2020-11-05,31651.332531
2020-11-06,31487.881416
2020-11-09,31488.51625
2020-11-10,32116.5625
2020-11-11,32359.22064
2020-11-12,32153.15844
2020-11-13,32103.649053
2020-11-16,32215.25084
2020-11-17,32334.77779
2020-11-18,32253.235858
2020-11-19,32219.41536
2020-11-20,32167.58903
2020-11-23,32343.51406
2020-11-24,32327.178536
2020-11-25,32200.172144
2020-11-26,32324.461767
2020-11-27,32639.468939
2020-11-30,32833.659966
2020-12-01,32693.840438
2020-12-02,32814.226851
2020-12-03,32680.760742
2020-12-04,33053.24139
2020-12-07,32896.714032
2020-12-08,32582.570592
2020-12-09,32399.131699
2020-12-10,32535.078918
2020-12-11,32673.37105
2020-12-14,32453.594895
2020-12-15,32445.25056
2020-12-16,32433.662496
2020-12-17,32310.455074
2020-12-18,31956.535765
2020-12-21,31867.875888
2020-12-22,31970.796579
2020-12-23,31974.784579
2020-12-24,32107.804992
2020-12-25,32021.841475
2020-12-28,32353.329088
2020-12-29,32557.919968
2020-12-30,32392.809592
2020-12-31,32620.722532
2021-01-01,32545.210572
2021-01-04,32440.321391
2021-01-05,33197.687772
2021-01-06,33645.799575
2021-01-07,34932.90113
2021-01-08,34825.972356
2021-01-11,35141.33616
2021-01-12,34570.66178
2021-01-13,34611.28962
2021-01-14,34239.255565
2021-01-15,34264.433931
2021-01-18,34098.109354
2021-01-19,33945.248948
2021-01-20,34108.529598
2021-01-21,34232.871299
2021-01-22,34530.189848
2021-01-25,34808.547431
2021-01-26,34373.651925
2021-01-27,34084.246842
2021-01-28,34088.96825
2021-01-29,33456.54345
2021-02-01,33719.73099
2021-02-02,33892.276264
2021-02-03,33931.436552
2021-02-04,34327.580441
2021-02-05,34251.293616
2021-02-08,34592.752968
2021-02-09,34281.22839
2021-02-10,34348.819484
2021-02-11,34158.51243
2021-02-12,34107.835052
2021-02-15,33991.204608
2021-02-16,34453.515264
2021-02-17,34267.578675
2021-02-18,33971.93664
2021-02-19,34182.221743
2021-02-22,34031.047678
2021-02-23,33723.93629
2021-02-24,33809.38145
2021-02-25,34611.064375
2021-02-26,34269.25756
2021-03-01,34806.5389
2021-03-02,34414.267264
2021-03-03,34441.40499
2021-03-04,34464.505922
2021-03-05,34871.042716
2021-03-08,35243.374824
2021-03-09,35203.5838
2021-03-10,34863.944825
2021-03-11,34716.121174
2021-03-12,35008.329381
2021-03-15,35016.457622
2021-03-16,35010.802269
2021-03-17,34560.288258
2021-03-18,34529.934571
2021-03-19,34318.204908
2021-03-22,34465.513072
2021-03-23,34578.104736
2021-03-24,34449.482375
2021-03-25,34704.137564
2021-03-26,35158.66686
2021-03-29,34837.673248
2021-03-30,34845.034753
2021-03-31,34591.855235
2021-04-01,34599.53646
2021-04-02,34754.165544
2021-04-05,34811.496525
2021-04-06,34789.946704
2021-04-07,34913.57448
2021-04-08,34969.675182
2021-04-09,35346.671085
2021-04-12,35240.842054
2021-04-13,35260.684371
2021-04-14,34909.245952
2021-04-15,34664.091724
2021-04-16,35161.336812
2021-04-19,34837.077952
2021-04-20,34676.329311
2021-04-21,34761.935208
2021-04-22,34814.841425
2021-04-23,35020.6064
2021-04-26,35177.119506
2021-04-27,35358.012704
2021-04-28,35028.105
2021-04-29,35326.408192
2021-04-30,35499.66434
2021-05-03,35375.830182
2021-05-04,35211.777551
2021-05-05,35104.446927
2021-05-06,35018.399514
2021-05-07,34907.714121
2021-05-10,34648.39239
2021-05-11,34152.389435
2021-05-12,33809.184486
2021-05-13,33985.24965
2021-05-14,34552.128204
2021-05-17,34504.255346
2021-05-18,34158.454125
2021-05-19,34213.312195
2021-05-20,34247.58918
2021-05-21,34233.92844
2021-05-24,34400.273229
2021-05-25,34221.428033
2021-05-26,34079.771232
2021-05-27,34079.5188
2021-05-28,34191.408238
2021-05-31,34059.109325
2021-06-01,34229.490344
2021-06-02,33689.262078
2021-06-03,33829.362996
2021-06-04,33607.054938
2021-06-07,33812.8199
2021-06-08,34041.652296
2021-06-09,34430.539858
2021-06-10,34136.971435
2021-06-11,34416.791796
2021-06-14,34705.4192
2021-06-15,34655.772522
2021-06-16,35182.424696
2021-06-17,35150.16736
2021-06-18,35402.448692
2021-06-21,35377.773816
2021-06-22,35679.92575
2021-06-23,35520.028675
2021-06-24,35672.245071
2021-06-25,35696.348336
2021-06-28,35905.93695
2021-06-29,36171.508716
2021-06-30,35891.717236
2021-07-01,36412.297092
2021-07-02,36167.831412
2021-07-05,36238.101798
2021-07-06,36427.580567
2021-07-07,36291.342384
2021-07-08,36035.053212
2021-07-09,36027.58082
2021-07-12,36793.277548
2021-07-13,37470.428622
2021-07-14,36864.427023
2021-07-15,36797.47574
2021-07-16,36126.915682
2021-07-19,35973.016928
2021-07-20,36456.760788
2021-07-21,36848.410722
2021-07-22,37157.82761
2021-07-23,37863.069075
2021-07-26,37884.490133
2021-07-27,37667.344379
2021-07-28,37694.625085
2021-07-29,37380.172986
2021-07-30,37172.345452
2021-08-02,36991.923228
2021-08-03,36786.350832
2021-08-04,36830.93628
2021-08-05,37405.154535
2021-08-06,37591.524835
2021-08-09,38042.890992
2021-08-10,38118.101116
2021-08-11,37897.267815
2021-08-12,38296.30032
2021-08-13,38244.231393
2021-08-16,38464.196848
2021-08-17,38331.035143
2021-08-18,38199.53712
2021-08-19,38652.497523
2021-08-20,39113.336934
2021-08-23,39092.390868
2021-08-24,38946.103808
2021-08-25,38871.878362
2021-08-26,38603.15394
2021-08-27,38403.950806
2021-08-30,38407.046412
2021-08-31,37961.2992
2021-09-01,37829.279816
2021-09-02,38089.648572
2021-09-03,37741.238912
2021-09-06,37580.84451
2021-09-07,37643.962488
2021-09-08,37159.836882
2021-09-09,37100.243454
2021-09-10,36933.895807
2021-09-13,36866.216816
2021-09-14,37180.805144
2021-09-15,37546.309339
2021-09-16,37966.937085
2021-09-17,37914.61975
2021-09-20,37550.6473
2021-09-21,37688.432334
2021-09-22,37915.269308
2021-09-23,38193.094604
2021-09-24,38669.567851
2021-09-27,38650.07046
2021-09-28,38213.757225
2021-09-29,38375.753768
2021-09-30,37884.256488
2021-10-01,37542.651046
2021-10-04,37578.880702
2021-10-05,37755.479832
2021-10-06,37659.994012
2021-10-07,37972.8127
2021-10-08,37987.258812
2021-10-11,38093.551263
2021-10-12,37833.20467
2021-10-13,37581.772696
2021-10-14,38092.226208
2021-10-15,37881.986681
2021-10-18,38157.331584
2021-10-19,38002.797216
2021-10-20,37804.4919
2021-10-21,38584.3255
2021-10-22,38968.691425
2021-10-25,38783.3825
2021-10-26,39104.950233
2021-10-27,39604.521575
2021-10-28,40117.23806
2021-10-29,40236.8567
2021-11-01,41075.2751
2021-11-02,41156.147646
2021-11-03,40931.846661
2021-11-04,40939.1983
2021-11-05,40638.789072
2021-11-08,40326.653334
2021-11-09,40478.161388
2021-11-10,41215.063626
2021-11-11,40926.318891
2021-11-12,41281.839973
2021-11-15,41031.986715
2021-11-16,41807.486487
2021-11-17,41635.300023
2021-11-18,41894.413744
2021-11-19,42181.59149
2021-11-22,42304.133694
2021-11-23,42165.907896
2021-11-24,42340.756256
2021-11-25,42577.06106
2021-11-26,42512.387763
2021-11-29,42365.102871
2021-11-30,40949.82036
2021-12-01,41152.471488
2021-12-02,41224.749896
2021-12-03,41257.088
2021-12-06,41179.585343
2021-12-07,41954.506916
2021-12-08,41737.809432
2021-12-09,41993.6168
2021-12-10,42304.368771
2021-12-13,42068.133195
2021-12-14,41927.972524
2021-12-15,42087.274232
2021-12-16,41883.30755
2021-12-17,41408.75766
2021-12-20,40567.572624
2021-12-21,41501.049051
2021-12-22,41504.6646
2021-12-23,41721.217947
2021-12-24,41463.14244
2021-12-27,41795.24228
2021-12-28,42409.282842
2021-12-29,42958.957825
2021-12-30,42859.79492
2021-12-31,42989.96322
2022-01-03,42802.751208
2022-01-04,43262.784711
2022-01-05,42357.01452
2022-01-06,41676.144975
2022-01-07,41199.477125
2022-01-10,41220.801538
2022-01-11,41221.82475
2022-01-12,40862.5092
2022-01-13,40770.287004
2022-01-14,40601.651706
2022-01-17,40624.862362
2022-01-18,40255.85328
2022-01-19,39460.471347
2022-01-20,38919.288336
2022-01-21,37928.303539
2022-01-24,38134.495404
2022-01-25,37640.182305
2022-01-26,37954.284404
2022-01-27,37912.813848
2022-01-28,38839.911748
2022-01-31,39045.391264
2022-02-01,39097.044454
2022-02-02,39607.87534
2022-02-03,38650.380957
2022-02-04,39336.705144
2022-02-07,39394.3143
2022-02-08,39199.37737
2022-02-09,39484.304132
2022-02-10,38921.133168
2022-02-11,38435.273964
2022-02-14,37866.09747
2022-02-15,38406.149929
2022-02-16,38191.312448
2022-02-17,37553.028936
2022-02-18,37461.380096
2022-02-21,37469.99648
2022-02-22,36963.795696
2022-02-23,36592.870833
2022-02-24,37158.839568
2022-02-25,37578.062535
2022-02-28,38136.672482
2022-03-01,37677.848544
2022-03-02,37828.742372
2022-03-03,37271.716775
2022-03-04,37126.357641
2022-03-07,36012.733236
2022-03-08,35692.379282
2022-03-09,36046.654305
2022-03-10,36029.022417
2022-03-11,35716.052256
2022-03-14,35675.078106
2022-03-15,36090.73069
2022-03-16,36519.861763
2022-03-17,37114.642266
2022-03-18,37595.290484
2022-03-21,37413.73045
2022-03-22,37633.27386
2022-03-23,37053.606702
2022-03-24,36762.799995
2022-03-25,36981.590217
2022-03-28,37544.934518
2022-03-29,37663.609284
2022-03-30,37309.353984
2022-03-31,37170.906102
2022-04-01,37369.5894
2022-04-04,37450.181132
2022-04-05,37276.705728
2022-04-06,36790.242503
2022-04-07,36992.02527
2022-04-08,36788.801484
2022-04-11,36110.740666
2022-04-12,35794.18997
2022-04-13,36245.12931
2022-04-14,36220.013622
2022-04-15,36086.468964
2022-04-18,36090.179913
2022-04-19,37237.062429
2022-04-20,37551.711288
2022-04-21,38040.71665
2022-04-22,37637.55723
2022-04-25,37657.350335
2022-04-26,37168.988416
2022-04-27,37248.717768
2022-04-28,38252.20139
2022-04-29,36917.137344
2022-05-02,37729.707767
2022-05-03,37022.1393
2022-05-04,36940.682466
2022-05-05,37175.399235
2022-05-06,36915.761085
2022-05-09,36010.94895
2022-05-10,36029.152782
2022-05-11,35586.876681
2022-05-12,35480.205904
2022-05-13,36445.560059
2022-05-16,36356.567897
2022-05-17,36523.32344
2022-05-18,35721.129366
2022-05-19,35197.715995
2022-05-20,35210.978484
2022-05-23,35629.420455
2022-05-24,35082.33183
2022-05-25,35554.911468
2022-05-26,36032.220496
2022-05-27,36526.74012
2022-05-30,36496.804786
2022-05-31,36507.181572
2022-06-01,36148.102762
2022-06-02,36455.887785
2022-06-03,36169.370176
2022-06-06,36076.864024
2022-06-07,36174.561722
2022-06-08,35649.640575
2022-06-09,35390.8552
2022-06-10,35062.182925
2022-06-13,34331.013075
2022-06-14,33966.783157
2022-06-15,33792.609361
2022-06-16,33317.584079
2022-06-17,33248.171148
2022-06-20,33488.34505
2022-06-21,33880.362444
2022-06-22,33762.447951
2022-06-23,34014.187413
2022-06-24,34612.92317
2022-06-27,34811.713835
2022-06-28,34816.10202
2022-06-29,34956.92629
2022-06-30,34663.428
2022-07-01,35114.392986
2022-07-04,35081.678754
2022-07-05,35320.315968
2022-07-06,35972.904167
2022-07-07,36364.545813
2022-07-08,36741.869875
2022-07-11,36809.507403
2022-07-12,36379.395
2022-07-13,36025.810691
2022-07-14,36220.158606
2022-07-15,36666.857724
2022-07-18,36801.37883
2022-07-19,37605.711354
2022-07-20,38001.41897
2022-07-21,38086.439064
2022-07-22,37392.604592
2022-07-25,37326.329352
2022-07-26,37270.073488
2022-07-27,37427.633264
2022-07-28,37542.156042
2022-07-29,38308.238637
2022-08-01,37979.094595
2022-08-02,38444.41578
2022-08-03,38734.518492
2022-08-04,38440.529946
2022-08-05,38693.909156
2022-08-08,38459.526548
2022-08-09,38184.6948
2022-08-10,38042.889152
2022-08-11,38294.756965
2022-08-12,38658.608832
2022-08-15,39237.10712
2022-08-16,39106.02234
2022-08-17,39432.72186
2022-08-18,40004.093856
2022-08-19,39753.340356
2022-08-22,39000.425322
2022-08-23,38931.59996
2022-08-24,38901.620205
2022-08-25,38969.070052
2022-08-26,38197.790976
2022-08-29,37748.723235
2022-08-30,37726.125437
2022-08-31,37782.29934
2022-09-01,37854.272416
2022-09-02,37863.146816
2022-09-05,37447.380201
2022-09-06,37540.262304
2022-09-07,37902.527925
2022-09-08,38768.998505
2022-09-09,39014.196075
2022-09-12,39136.446248
2022-09-13,38440.816615
2022-09-14,38453.590814
2022-09-15,38261.110854
2022-09-16,38020.271532
2022-09-19,38328.831101
2022-09-20,37945.62369
2022-09-21,37527.690188
2022-09-22,36773.647002
2022-09-23,36626.60451
2022-09-26,36520.82397
2022-09-27,36323.913906
2022-09-28,36540.954856
2022-09-29,36371.326488
2022-09-30,36306.00965
2022-10-03,36460.09125
2022-10-04,37268.09292
2022-10-05,37380.6416
2022-10-06,37500.189352
2022-10-07,36894.123168
2022-10-10,36484.275414
2022-10-11,36377.180892
2022-10-12,36477.10872
2022-10-13,37088.1784
2022-10-14,36735.564216
2022-10-17,37012.05816
2022-10-18,37471.811154
2022-10-19,37516.300602
2022-10-20,37261.83606
2022-10-21,37491.47676
2022-10-24,38528.179005
2022-10-25,38844.102825
2022-10-26,38296.844711
2022-10-27,38221.698036
2022-10-28,39043.123308
2022-10-31,39259.214435
2022-11-01,39056.091788
2022-11-02,38478.9328
2022-11-03,38304.654441
2022-11-04,37823.769802
2022-11-07,37888.78712
2022-11-08,38133.063936
2022-11-09,37562.611284
2022-11-10,38626.857219
2022-11-11,38874.727656
2022-11-14,38728.614024
2022-11-15,39094.847052
2022-11-16,38678.052111
2022-11-17,38725.66849
2022-11-18,38650.890888
2022-11-21,38573.221173
2022-11-22,38857.462878
2022-11-23,38673.848675
2022-11-24,38807.7907
2022-11-25,38945.063595
2022-11-28,38588.068002
2022-11-29,38181.47685
2022-11-30,39385.467384
2022-12-01,40778.886526
2022-12-02,40389.376944
2022-12-05,39624.45862
2022-12-06,38906.594403
2022-12-07,38436.8633
2022-12-08,38664.551405
2022-12-09,38915.732595
2022-12-12,39731.505516
2022-12-13,39522.253754
2022-12-14,39175.006095
2022-12-15,38903.151372
2022-12-16,38769.515008
2022-12-19,37764.50064
2022-12-20,37844.238784
2022-12-21,38128.669344
2022-12-22,37558.189453
2022-12-23,37465.094013
2022-12-26,37438.825536
2022-12-27,37747.902456
2022-12-28,37177.421697
2022-12-29,37415.780586
2022-12-30,37383.153136
2023-01-02,37384.368063
2023-01-03,37388.496479
2023-01-04,37429.586136
2023-01-05,37624.415388
2023-01-06,38367.661611
2023-01-09,38075.396675
2023-01-10,38445.849724
2023-01-11,38594.945541
2023-01-12,38602.112976
2023-01-13,38874.81375
2023-01-16,39403.029825
2023-01-17,39451.487292
2023-01-18,39319.655368
2023-01-19,39261.20688
2023-01-20,39466.286856
2023-01-23,40055.75064
2023-01-24,40111.183152
2023-01-25,39914.96107
2023-01-26,40400.000296
2023-01-27,40547.000376
2023-01-30,40633.185957
2023-01-31,41053.674585
2023-02-01,40563.654588
2023-02-02,41206.220984
2023-02-03,41767.582016
2023-02-06,41795.744796
2023-02-07,41930.04104
2023-02-08,42166.294856
2023-02-09,41950.939338
2023-02-10,42244.333764
2023-02-13,42480.3756
2023-02-14,42629.034996
2023-02-15,42988.024666
2023-02-16,42941.774124
2023-02-17,42535.13265
2023-02-20,42746.147638
2023-02-21,42331.589818
2023-02-22,42193.115406
2023-02-23,42283.96048
2023-02-24,42261.55738
2023-02-27,42490.552905
2023-02-28,42273.753417
2023-03-01,41637.676122
2023-03-02,42009.713655
2023-03-03,42471.696564
2023-03-06,42763.364319
2023-03-07,42788.531094
2023-03-08,43003.405236
2023-03-09,42363.1245
2023-03-10,41210.529096
2023-03-13,40668.842279
2023-03-14,40987.45408
2023-03-15,41085.249588
2023-03-16,41627.476036
2023-03-17,41435.555625
2023-03-20,41867.666246
2023-03-21,42521.803368
2023-03-22,41337.227778
2023-03-23,41187.795354
2023-03-24,41276.85281
2023-03-27,41793.54529
2023-03-28,41433.68644
2023-03-29,41883.509965
2023-03-30,41557.258134
2023-03-31,41957.062925
2023-04-03,42344.5456
2023-04-04,42350.14275
2023-04-05,42401.248912
2023-04-06,42965.707995
2023-04-07,42855.164506
2023-04-10,43541.949425
2023-04-11,43469.021897
2023-04-12,43444.671182
2023-04-13,43143.208448
2023-04-14,43177.88673
2023-04-17,43759.047404
2023-04-18,43525.189967
2023-04-19,43543.627844
2023-04-20,43013.735556
2023-04-21,43186.978296
2023-04-24,43324.26345
2023-04-25,43209.360972
2023-04-26,43229.867304
2023-04-27,43467.165136
2023-04-28,43776.246624
2023-05-01,44049.703764
2023-05-02,43704.250164
2023-05-03,43192.470112
2023-05-04,42938.077122
2023-05-05,43931.40765
2023-05-08,43825.02156
2023-05-09,44433.436872
2023-05-10,45045.370446
2023-05-11,45688.88337
2023-05-12,45919.627425
2023-05-15,45398.977
2023-05-16,45194.704578
2023-05-17,45938.204698
2023-05-18,46468.029345
2023-05-19,46701.808254
2023-05-22,46298.245539
2023-05-23,45800.843552
2023-05-24,45412.54983
2023-05-25,46844.683878
2023-05-26,46959.561858
2023-05-29,47051.616283
2023-05-30,47053.29537
2023-05-31,46700.830976
2023-06-01,46981.253232
2023-06-02,47419.929528
2023-06-05,46800.637194
2023-06-06,46833.543736
2023-06-07,46415.82413
2023-06-08,46030.327228
2023-06-09,45781.634899
2023-06-12,45718.327343
2023-06-13,46236.686748
2023-06-14,45650.761376
2023-06-15,45768.968268
2023-06-16,45615.611226
2023-06-19,45470.86605
2023-06-20,45708.578136
2023-06-21,45388.40384
2023-06-22,45909.122679
2023-06-23,45882.589157
2023-06-26,45656.46925
2023-06-27,45775.76276
2023-06-28,46164.3779
2023-06-29,46600.937844
2023-06-30,47280.558083
2023-07-03,47158.920284
2023-07-04,46918.707192
2023-07-05,47051.396952
2023-07-06,47317.343312
2023-07-07,46600.36074
2023-07-10,46697.238784
2023-07-11,46298.4984
2023-07-12,45946.876215
2023-07-13,45905.114787
2023-07-14,46265.893779
2023-07-17,46186.897215
2023-07-18,46076.706722
2023-07-19,46172.565963
2023-07-20,46008.0294
2023-07-21,46054.251585
2023-07-24,45689.156324
2023-07-25,45307.516072
2023-07-26,45472.762272
2023-07-27,45878.393274
2023-07-28,45632.85518
2023-07-31,46410.682992
2023-08-01,47312.106536
2023-08-02,46994.227085
2023-08-03,47410.370933
2023-08-04,46792.124405
2023-08-07,47686.897664
2023-08-08,47960.42176
2023-08-09,47908.418447
2023-08-10,47717.210808
2023-08-11,47776.286448
2023-08-14,48171.747072
2023-08-15,47847.882676
2023-08-16,47563.1316
2023-08-17,46916.665844
2023-08-18,46627.22859
2023-08-21,46784.501245
2023-08-22,46339.942368
2023-08-23,45976.8942
2023-08-24,46358.185003
2023-08-25,45972.120177
2023-08-28,46312.52658
2023-08-29,46605.548664
2023-08-30,47398.776623
2023-08-31,47815.081104
2023-09-01,47809.035576
2023-09-04,48394.288458
2023-09-05,48427.397888
2023-09-06,48131.242794
2023-09-07,47923.961136
2023-09-08,47806.823675
2023-09-11,47493.463503
2023-09-12,47394.18087
2023-09-13,47103.52432
2023-09-14,48084.290016
2023-09-15,47710.370166
2023-09-18,47607.913375
2023-09-19,47346.37713
2023-09-20,46912.654425
2023-09-21,46347.032868
2023-09-22,45797.505118
2023-09-25,45803.91473
2023-09-26,45987.848851
2023-09-27,46256.466302
2023-09-28,46011.956262
2023-09-29,45812.236096
2023-10-02,46244.056832
2023-10-03,45868.772664
2023-10-04,46006.016434
2023-10-05,46564.608915
2023-10-06,46504.32556
2023-10-09,46814.774652
2023-10-10,46532.178528
2023-10-11,46219.129042
2023-10-12,46412.268854
2023-10-13,45956.2935
2023-10-16,45823.31488
2023-10-17,46020.831205
2023-10-18,45816.9213
2023-10-19,45440.803264
2023-10-20,44838.887896
2023-10-23,44677.109532
2023-10-24,45117.868652
2023-10-25,44802.08007
2023-10-26,43982.763624
2023-10-27,43588.218977
2023-10-30,44003.813392
2023-10-31,43686.413736
2023-11-01,43817.67918
2023-11-02,44469.949907
2023-11-03,44602.096947
2023-11-06,44744.78404
2023-11-07,44738.41086
2023-11-08,45109.579284
2023-11-09,45401.000576
2023-11-10,45897.608164
2023-11-13,45940.545768
2023-11-14,45762.191893
2023-11-15,45825.799932
2023-11-16,46197.982904
2023-11-17,46461.377215
2023-11-20,46676.72433
2023-11-21,47310.563512
2023-11-22,48030.546708
2023-11-23,47908.846326
2023-11-24,48081.793308
2023-11-27,47545.619937
2023-11-28,47462.501529
2023-11-29,47909.0605
2023-11-30,48317.381532
2023-12-01,48074.01994
2023-12-04,48346.248505
2023-12-05,48613.848438
2023-12-06,48647.28965
2023-12-07,48388.863051
2023-12-08,49044.120223
2023-12-11,49513.2176
2023-12-12,49334.69034
2023-12-13,49207.34808
2023-12-14,48844.10036
2023-12-15,48811.714896
2023-12-18,49490.79993
2023-12-19,49160.617176
2023-12-20,48694.544982
2023-12-21,49158.046039
2023-12-22,49546.177018
2023-12-25,49471.01311
2023-12-26,50212.969782
2023-12-27,49774.27862
2023-12-28,50233.58048
2023-12-29,49386.803792
2024-01-01,49389.3633
2024-01-02,49741.809132
2024-01-03,49597.034095
2024-01-04,49567.331568
2024-01-05,49606.747008
2024-01-08,49929.038214
2024-01-09,50074.780308
2024-01-10,50237.723424
2024-01-11,50043.453207
2024-01-12,50129.812304
2024-01-15,50316.224209
2024-01-16,50706.073832
2024-01-17,50507.083872
2024-01-18,50537.793834
2024-01-19,51254.457426
2024-01-22,52038.911144
2024-01-23,51610.506992
2024-01-24,51361.624461
2024-01-25,51450.907308
2024-01-26,51297.50115
2024-01-29,51677.8618
2024-01-30,51690.748928
2024-01-31,50832.970146
2024-02-01,50931.247836
2024-02-02,52063.570581
2024-02-05,52240.948096
2024-02-06,51805.295864
2024-02-07,52254.250341
2024-02-08,52501.80657
2024-02-09,52943.983839
2024-02-12,52700.45648
2024-02-13,52500.034212
2024-02-14,52741.735496
2024-02-15,52932.068325
2024-02-16,52675.79184
2024-02-19,52956.907264
2024-02-20,52557.330652
2024-02-21,52579.181901
2024-02-22,54092.644875
2024-02-23,54612.633156
2024-02-26,54476.603112
2024-02-27,54054.231006
2024-02-28,54351.616998
2024-02-29,54448.909378
2024-03-01,54621.040375
2024-03-04,54339.015702
2024-03-05,53777.724768
2024-03-06,53711.563433
2024-03-07,53828.555559
2024-03-08,53798.806516
2024-03-11,53445.513632
2024-03-12,53851.827
2024-03-13,53598.24884
2024-03-14,53800.938044
2024-03-15,53550.11104
2024-03-18,54400.762896
2024-03-19,54466.941425
2024-03-20,54254.960434
2024-03-21,54936.461243
2024-03-22,55319.560744
2024-03-25,54898.587843
2024-03-26,54997.52445
2024-03-27,55270.390929
2024-03-28,55425.930552
2024-03-29,55403.562126
2024-04-01,55195.140312
2024-04-02,54347.173088
2024-04-03,54154.695442
2024-04-04,53934.94618
2024-04-05,54052.698704
2024-04-08,54079.297608
2024-04-09,53652.17884
2024-04-10,53847.334484
2024-04-11,54038.56038
2024-04-12,53759.439084
2024-04-15,53584.849752
2024-04-16,53382.18852
2024-04-17,53069.325504
2024-04-18,53404.326612
2024-04-19,52935.884564
2024-04-22,53614.604679
2024-04-23,54074.025551
2024-04-24,54369.178065
2024-04-25,53583.508876
2024-04-26,53476.576336
2024-04-29,53057.171112
2024-04-30,52794.575772
2024-05-01,52156.685542
2024-05-02,52596.695907
2024-05-03,52992.675566
2024-05-06,53367.517875
2024-05-07,53683.979274
2024-05-08,53707.921312
2024-05-09,53736.2486
2024-05-10,53787.8334
2024-05-13,53578.177968
2024-05-14,53792.431638
2024-05-15,54084.208892
2024-05-16,53843.919612
2024-05-17,53760.775824
2024-05-20,53996.365718
2024-05-21,53677.979597
2024-05-22,53960.09364
2024-05-23,54263.634048
2024-05-24,54428.718954
2024-05-27,54284.290495
2024-05-28,53988.075078
2024-05-29,53752.57416
2024-05-30,54702.914103
2024-05-31,55310.648478
2024-06-03,54501.384872
2024-06-04,55049.198757
2024-06-05,56187.86133
2024-06-06,56379.451843
2024-06-07,55869.32752
2024-06-10,55527.831576
2024-06-11,55090.100184
2024-06-12,55023.88284
2024-06-13,54922.52832
2024-06-14,54449.111045
2024-06-17,54424.744332
2024-06-18,54006.967322
2024-06-19,53803.731035
2024-06-20,53776.238056
2024-06-21,53586.31039
2024-06-24,54094.09733
2024-06-25,54559.322174
2024-06-26,54387.155597
2024-06-27,55299.12608
2024-06-28,54344.054
2024-07-01,54967.5469
2024-07-02,55903.634742
2024-07-03,55778.353956
2024-07-04,55481.980626
2024-07-05,55447.687952
2024-07-08,55124.457304
2024-07-09,55088.39952
2024-07-10,55602.140682
2024-07-11,55318.752207
2024-07-12,55586.5992
2024-07-15,56276.926971
2024-07-16,56225.740578
2024-07-17,56099.60352
2024-07-18,55798.32582
2024-07-19,55442.996664
2024-07-22,55874.8476
2024-07-23,56233.30735
2024-07-24,55170.894456
2024-07-25,54794.659305
2024-07-26,55224.197154
2024-07-29,55655.893557
2024-07-30,55146.18904
2024-07-31,55618.780688
2024-08-01,54962.963616
2024-08-02,53847.500032
2024-08-05,52874.561223
2024-08-06,53420.126816
2024-08-07,52966.903808
2024-08-08,53737.18038
2024-08-09,53900.906178
2024-08-12,53664.00741
2024-08-13,54080.47712
2024-08-14,54281.842197
2024-08-15,54794.276758
2024-08-16,54625.43655
2024-08-19,54676.10151
2024-08-20,54912.117216
2024-08-21,55279.566357
2024-08-22,55466.484426
2024-08-23,55268.31375
2024-08-26,55177.336191
2024-08-27,55264.190157
2024-08-28,55283.05398
2024-08-29,55108.028305
2024-08-30,55786.376425
2024-09-02,55762.038404
2024-09-03,55233.852534
2024-09-04,54641.325333
2024-09-05,53997.7713
2024-09-06,53716.351096
2024-09-09,54116.385344
2024-09-10,54429.344676
2024-09-11,54628.965378
2024-09-12,54797.90666
2024-09-13,55154.787467
2024-09-16,54841.332636
2024-09-17,54788.41431
2024-09-18,54472.649595
2024-09-19,55261.922662
2024-09-20,54781.032672
2024-09-23,54706.8331
2024-09-24,54654.836565
2024-09-25,54530.9765
2024-09-26,54604.734814
2024-09-27,54591.725544
2024-09-30,55011.586554
2024-10-01,55008.223166
2024-10-02,54674.674324
2024-10-03,55029.712686
2024-10-04,55317.841155
2024-10-07,54673.364652
2024-10-08,55429.91538
2024-10-09,56067.02103
2024-10-10,55534.24064
2024-10-11,55581.59642
2024-10-14,56351.453628
2024-10-15,56257.656608
2024-10-16,56326.087389
2024-10-17,56550.49764
2024-10-18,56529.506656
2024-10-21,56308.207043
2024-10-22,55934.49234
2024-10-23,56134.03045
2024-10-24,55954.364925
2024-10-25,55897.089568
2024-10-28,56193.485105
2024-10-29,56107.894098
2024-10-30,55954.123281
2024-10-31,54820.817279
2024-11-01,55230.103425
2024-11-04,54792.495216
2024-11-05,54929.591886
2024-11-06,56620.5052
2024-11-07,56145.455464
2024-11-08,57163.951776
2024-11-11,58307.094132
2024-11-12,58513.60107
2024-11-13,58818.00909
2024-11-14,58647.68817
2024-11-15,57820.9168
2024-11-18,57186.897064
2024-11-19,57785.212012
2024-11-20,57947.993636
2024-11-21,58242.679116
2024-11-22,58509.82746
2024-11-25,58577.166668
2024-11-26,59109.46548
2024-11-27,59075.641536
2024-11-28,58823.172654
2024-11-29,59050.473432
2024-12-02,59376.626127
2024-12-03,59450.555086
2024-12-04,59927.719812
2024-12-05,59401.889952
2024-12-06,59611.32744
2024-12-09,58495.129494
2024-12-10,58260.914364
2024-12-11,58279.691392
2024-12-12,58329.091544
2024-12-13,58396.8822
2024-12-16,58477.876479
2024-12-17,58994.068696
2024-12-18,58339.602944
2024-12-19,58133.392122
2024-12-20,58281.379975
2024-12-23,59401.098828
2024-12-24,60248.165796
2024-12-25,60278.01576
2024-12-26,60796.7325
2024-12-27,60003.77712
2024-12-30,59753.394775
2024-12-31,59842.17223
2025-01-01,59554.356023
2025-01-02,59315.96853
2025-01-03,59971.968668
2025-01-06,59794.971726
2025-01-07,59699.442384
2025-01-08,60332.815712
2025-01-09,60422.88778
2025-01-10,60107.385605
2025-01-13,59901.998965
2025-01-14,59619.684969
2025-01-15,60162.248904
2025-01-16,60369.732911
2025-01-17,60612.971648
2025-01-20,60103.473616
2025-01-21,60490.47598
2025-01-22,60706.829358
2025-01-23,61069.929024
2025-01-24,60708.713788
2025-01-27,61132.71672
2025-01-28,61301.56352
2025-01-29,60690.755206
2025-01-30,61306.007328
2025-01-31,61295.072781
2025-02-03,60827.206234
2025-02-04,61190.342675
2025-02-05,61159.349016
2025-02-06,60994.949892
2025-02-07,60459.183012
2025-02-10,60829.5051
2025-02-11,60963.963048
2025-02-12,60999.696104
2025-02-13,61592.967648
2025-02-14,61191.44928
2025-02-17,61510.52317
2025-02-18,61591.393575
2025-02-19,61891.318809
2025-02-20,61104.811576
2025-02-21,60240.5203
2025-02-24,60126.433235
2025-02-25,59994.978328
2025-02-26,60107.123391
2025-02-27,59390.40947
2025-02-28,60709.925738
2025-03-03,59870.716028
2025-03-04,58760.60436
2025-03-05,59110.453805
2025-03-06,57790.78305
2025-03-07,58244.468505
2025-03-10,57297.73703
2025-03-11,56432.191374
2025-03-12,57117.440334
2025-03-13,56456.609796
2025-03-14,57084.503853
2025-03-17,57285.770878
2025-03-18,57101.84788
2025-03-19,57424.06956
2025-03-20,57492.594177
2025-03-21,57561.322
2025-03-24,58403.943585
2025-03-25,58584.600144
2025-03-26,58030.23
2025-03-27,57740.867289
2025-03-28,57323.9116
2025-03-31,56948.942544
2025-04-01,57766.515378
2025-04-02,59370.108894
2025-04-03,56665.044003
2025-04-04,54486.414
2025-04-07,54973.151848
2025-04-08,55101.346101
2025-04-09,57203.151588
2025-04-10,56805.325493
2025-04-11,56869.80558
2025-04-14,56859.315007
2025-04-15,57360.175656
2025-04-16,55974.870016
2025-04-17,56039.024844
2025-04-18,56161.879873
2025-04-21,55113.774645
2025-04-22,55755.371629
2025-04-23,56707.574688
2025-04-24,57998.457244
2025-04-25,57972.804636
2025-04-28,57668.45402
2025-04-29,58005.906365
2025-04-30,58346.354229
2025-05-01,58299.609745
2025-05-02,58783.529649
2025-05-05,58140.651954
2025-05-06,57634.222399
2025-05-07,57971.515239
2025-05-08,57972.895901
2025-05-09,57960.864225
2025-05-12,59545.740042
2025-05-13,60154.020507
2025-05-14,60138.256752
2025-05-15,59479.670601
2025-05-16,59905.777008
2025-05-19,60253.851552
2025-05-20,59674.57844
2025-05-21,59122.789858
2025-05-22,59156.332088
2025-05-23,58435.899312
2025-05-26,58603.048053
2025-05-27,59735.813648
2025-05-28,59294.921892
2025-05-29,59150.22916
2025-05-30,59803.913736
2025-06-02,59728.91432
2025-06-03,59840.58146
2025-06-04,59927.0268
2025-06-05,59449.365
2025-06-06,59928.067888
2025-06-09,59819.470835
2025-06-10,59968.522015
2025-06-11,60002.46078
2025-06-12,60469.948022
2025-06-13,60205.657813
2025-06-16,60365.989506
2025-06-17,60541.85304
2025-06-18,60394.615584
2025-06-19,60332.057102
2025-06-20,60240.9286
2025-06-23,60108.07635
2025-06-24,60537.954448
2025-06-25,60364.511613
2025-06-26,61222.9371
2025-06-27,61473.68552
2025-06-30,61553.32365
2025-07-01,60994.551255
2025-07-02,61136.175264
2025-07-03,61352.754376
2025-07-04,61555.0894
2025-07-07,62135.817051
2025-07-08,61840.046752
2025-07-09,62362.77495
2025-07-10,62197.780344
2025-07-11,62574.6165
2025-07-14,62560.92
2025-07-15,62294.19966
2025-07-16,61959.966957
2025-07-17,62454.69928
2025-07-18,62116.932582
2025-07-21,61847.0244
2025-07-22,61718.24628
2025-07-23,62325.4544
2025-07-24,62695.734494
2025-07-25,63222.904217
2025-07-28,63447.636252
2025-07-29,63211.28415
2025-07-30,63533.062432
2025-07-31,63944.756304
2025-08-01,62612.006379
2025-08-04,62972.84295
2025-08-05,62757.743326
2025-08-06,62675.7504
2025-08-07,62641.007625
2025-08-08,63074.934936
