date,leading_indicator,coincident_indicator,lagging_indicator
1960-01-31,26.0759429,21.0484504,36.8860358
1960-02-29,26.2232646,21.438981,36.4746327
1960-03-31,25.8976062,21.7261359,35.745327
1960-04-30,25.6417316,21.6572186,35.3339238
1960-05-31,25.5874551,21.852484,35.0908219
1960-06-30,25.4013646,21.7835669,35.5957259
1960-07-31,25.1377362,21.9845752,36.1099799
1960-08-31,24.8120778,21.731879,36.9234361
1960-09-30,24.5639569,21.3930363,37.5779413
1960-10-31,24.3623588,21.0599366,38.5409987
1960-11-30,24.1762682,20.9910194,37.680792
1960-12-31,24.1219918,20.9163592,37.5592412
1961-01-31,24.1995295,20.7670387,37.0075868
1961-02-28,24.2150371,20.7038646,37.6620919
1961-03-31,24.2925748,20.370765,36.642934
1961-04-30,24.2382984,20.0491515,35.8014275
1961-05-31,24.1142379,19.3829523,34.6607186
1961-06-30,23.9281474,18.71101,34.2680156
1961-07-31,23.9359013,18.3089932,33.8659625
1961-08-31,24.1452531,18.0792693,34.062314
1961-09-30,24.5019268,18.0218383,34.4176167
1961-10-31,24.9283843,18.0505538,35.4928751
1961-11-30,25.3393343,18.0792693,35.0908219
1961-12-31,25.4091184,18.2687915,35.2965235
1962-01-31,25.4246259,18.3721672,34.6139682
1962-02-28,25.7812994,18.4870292,34.8009697
1962-03-31,26.3395713,18.4238551,35.1375723
1962-04-30,26.9753808,18.538717,35.4741749
1962-05-31,27.3863308,18.716753,35.9510286
1962-06-30,27.9446025,18.9866786,35.6892267
1962-07-31,28.5028743,19.3370076,36.1660804
1962-08-31,29.0533923,19.60119,35.7733772
1962-09-30,29.6194177,20.1123256,36.5400832
1962-10-31,30.2552273,20.4511684,37.278739
1962-11-30,31.0150971,20.7957542,38.0360948
1962-12-31,31.3795246,20.9737902,37.9145439
1963-01-31,31.4570622,21.0599366,38.3726974
1963-02-28,31.5501076,21.3987793,39.1020031
1963-03-31,31.5578614,21.5595861,39.9715598
1963-04-30,31.9920727,21.9845752,40.8317665
1963-05-31,32.2091784,21.9903184,41.2618698
1963-06-30,32.4960681,22.151125,41.8602745
1963-07-31,32.7907115,22.3980782,42.5615298
1963-08-31,33.2869531,22.6392883,43.1318843
1963-09-30,33.9305163,23.1963687,43.9733908
1963-10-31,34.3492201,23.4318356,43.8424898
1963-11-30,34.6361096,23.9027697,44.253893
1963-12-31,34.8764768,23.9027697,44.4128442
1964-01-31,34.8764768,24.3737036,45.3759016
1964-02-29,35.1788739,24.2128969,45.927556
1964-03-31,35.8767136,24.752748,46.3296091
1964-04-30,36.0395429,24.9078116,46.6101113
1964-05-31,36.3341863,25.4361765,46.8812633
1964-06-30,36.2101259,25.2753698,47.5544685
1964-07-31,36.0860656,25.1203061,48.2276737
1964-08-31,36.1713571,25.4936075,48.3398747
1964-09-30,36.3341863,25.7865055,48.3398747
1964-10-31,36.0783118,26.2287239,47.8069205
1964-11-30,35.3959796,26.7513457,48.1996236
1964-12-31,34.5818333,26.7283733,48.8541287
1965-01-31,34.178637,26.940868,50.0322379
1965-02-28,33.9305163,26.9293818,50.4062407
1965-03-31,33.666888,26.998299,50.1257385
1965-04-30,33.1939077,26.9868128,50.2566396
1965-05-31,32.8604955,26.7456026,50.6399925
1965-06-30,32.4650529,26.584796,50.8737443
1965-07-31,32.2091784,26.4239892,51.2477472
1965-08-31,31.8835198,26.1253482,51.3599481
1965-09-30,31.674168,25.7463038,51.8461519
1965-10-31,31.8292434,25.7348175,51.8368018
1965-11-30,31.9998265,25.6486712,52.2014546
1965-12-31,32.0075803,25.2064526,52.0518535
1966-01-31,32.0230878,24.8388945,51.6591504
1966-02-28,32.3875152,24.9709856,51.1168462
1966-03-31,32.604621,25.0284166,51.1074961
1966-04-30,33.2481841,25.0284166,51.2290471
1966-05-31,33.9615314,24.9365271,51.1916468
1966-06-30,34.6128484,25.4246903,50.9298448
1966-07-31,35.0548135,25.9702846,50.2846897
1966-08-31,35.2021352,26.1655498,50.3875405
1966-09-30,35.6441003,26.5101357,50.4903914
1966-10-31,36.0085277,26.6307407,51.2290471
1966-11-30,36.1636033,26.40676,51.4440987
1966-12-31,36.0395429,26.4527047,51.7994015
1967-01-31,35.7138843,26.5790528,51.2851475
1967-02-28,35.52004,26.9753265,51.2477472
1967-03-31,35.4580098,27.29694,51.350598
1967-04-30,35.4114872,27.5553793,52.0518535
1967-05-31,35.2176428,27.8712497,53.0055608
1967-06-30,34.8764768,27.4462605,53.4543642
1967-07-31,34.5508182,27.2854538,53.678766
1967-08-31,33.8607323,26.7226302,53.155162
1967-09-30,33.4575361,26.4354755,52.2762552
1967-10-31,33.6901493,26.0794034,52.257555
1967-11-30,34.0545767,25.8726519,51.7526511
1967-12-31,34.5663258,26.1770361,52.0892537
1968-01-31,34.9307532,26.3550721,52.4165063
1968-02-29,35.791422,26.7283733,52.9681606
1968-03-31,36.9389807,26.7168871,52.8185594
1968-04-30,38.0245091,26.6939148,52.781159
1968-05-31,39.0324998,26.6020252,53.2206124
1968-06-30,39.6062791,26.9810696,54.2491205
1968-07-31,39.9784602,27.2854538,54.2023701
1968-08-31,40.637531,27.5783517,54.5109226
1968-09-30,41.2966018,27.8138187,53.8938177
1968-10-31,41.668783,27.9229376,54.6792238
1968-11-30,41.7618283,28.1526614,55.6703315
1968-12-31,42.4751755,28.3766422,56.8858409
1969-01-31,43.1420001,28.3536698,57.1943933
1969-02-28,44.0802068,28.7729159,57.4748955
1969-03-31,44.2507899,29.0600707,57.7740978
1969-04-30,44.553187,29.7262701,58.2977019
1969-05-31,44.3670965,30.0019386,58.578204
1969-06-30,44.31282,30.5877345,59.092458
1969-07-31,44.1267295,30.6221931,59.3729601
1969-08-31,44.4989105,31.0184668,59.5506116
1969-09-30,44.8090616,31.1735303,59.9433147
1969-10-31,45.1114588,31.443456,59.990065
1969-11-30,44.9176144,31.5238593,60.5978197
1969-12-31,44.2895587,31.5410886,60.8689718
1970-01-31,43.9639002,31.9316192,61.027923
1970-02-28,43.6304879,32.0751966,62.0657811
1970-03-31,44.1499908,32.7069373,62.8979375
1970-04-30,44.1034682,33.0228077,63.9264455
1970-05-31,44.0569454,33.5798881,63.8422948
1970-06-30,43.6382417,33.4707692,63.7674942
1970-07-31,43.5994728,33.4822554,64.5809505
1970-08-31,43.692518,33.6717776,65.5907584
1970-09-30,43.7157794,33.9302169,67.0213195
1970-10-31,43.591719,34.1139961,67.5823238
1970-11-30,43.320337,34.4758112,67.6197241
1970-12-31,42.8396029,34.7859384,68.0591775
1971-01-31,42.289085,34.9639744,69.0596353
1971-02-28,41.8005972,35.1420104,70.1442436
1971-03-31,41.3276169,34.9065435,69.0783355
1971-04-30,40.846883,34.3839217,68.3583799
1971-05-31,40.4281791,34.0450789,68.2742291
1971-06-30,40.1645508,34.0450789,69.2466367
1971-07-31,39.9707064,34.3437199,69.4616884
1971-08-31,39.7768621,33.8842723,68.9567844
1971-09-30,39.5054799,33.3788797,68.9754846
1971-10-31,39.3814196,33.2640177,68.8726339
1971-11-30,39.6217866,33.3903659,69.1063857
1971-12-31,39.5597564,33.2180729,68.2742291
1972-01-31,39.8001234,33.1089541,67.357922
1972-02-29,39.815631,32.7241667,65.6188087
1972-03-31,40.055998,32.3393791,65.029754
1972-04-30,40.4359329,32.0005364,64.0199462
1972-05-31,41.2500792,31.8971606,64.0479964
1972-06-30,41.8471199,31.6846661,63.860995
1972-07-31,42.5139443,31.6961522,64.1975976
1972-08-31,43.0412011,31.5296024,64.4219993
1972-09-30,44.0026691,32.2072879,64.5342002
1972-10-31,44.8943531,32.982606,65.0578042
1972-11-30,45.6464693,33.69475,66.2920139
1972-12-31,46.9646109,34.3609493,67.4140225
1973-01-31,47.646943,34.2460873,68.6108318
1973-02-28,48.7634865,34.7916815,68.517331
1973-03-31,49.6474167,34.8376263,69.0315851
1973-04-30,51.1283876,35.6990908,69.5177888
1973-05-31,52.1053632,35.9575303,70.312545
1973-06-30,52.9892935,36.5490692,70.9951003
1973-07-31,53.3769823,36.7443345,71.6870056
1973-08-31,53.7103945,37.2152684,72.2760602
1973-09-30,53.656118,37.9446418,72.3602108
1973-10-31,53.4700275,38.3581447,72.4443616
1973-11-30,52.834218,38.547667,74.1834749
1973-12-31,52.7101576,38.8979959,75.0343316
1974-01-31,52.7411727,38.7199599,77.0445972
1974-02-28,53.2684294,39.2138663,77.5027507
1974-03-31,53.524304,39.0415733,79.1109631
1974-04-30,53.4079972,39.4837918,80.0459704
1974-05-31,52.5473283,39.5125073,81.4391312
1974-06-30,51.7797047,39.8456068,81.5887324
1974-07-31,50.7717141,39.8915516,82.1123365
1974-08-31,50.2056885,39.6790571,82.5330897
1974-09-30,49.6474167,39.6216261,83.1221443
1974-10-31,49.2364668,39.0473164,83.5335474
1974-11-30,48.9650846,38.788877,83.6363982
1974-12-31,48.3292751,38.317943,85.2259105
1975-01-31,47.9028175,38.1743656,85.8056151
1975-02-28,47.577159,37.9905865,87.348377
1975-03-31,47.7012193,38.7773909,88.0963828
1975-04-30,47.5228826,39.1162335,89.0687904
1975-05-31,47.8640487,39.9604688,89.0687904
1975-06-30,48.1431845,40.207422,88.4423355
1975-07-31,48.2517374,40.270596,89.2651419
1975-08-31,48.1509383,40.8219334,89.3679927
1975-09-30,47.8330335,41.2641518,89.3960429
1975-10-31,47.8097722,42.0279837,89.9757474
1975-11-30,47.7089732,42.2519645,88.5919367
1975-12-31,47.0421485,42.2921662,88.1524833
1976-01-31,46.445108,42.5850641,87.1800757
1976-02-29,45.7084994,42.6597244,87.4418778
1976-03-31,45.2510267,42.3668264,87.0865749
1976-04-30,44.6539861,41.1378037,86.1983181
1976-05-31,44.212021,40.2820822,85.14176
1976-06-30,43.7700559,39.6905433,83.6924987
1976-07-31,43.2505529,39.1162335,82.841642
1976-08-31,42.8008341,38.2834845,82.2619376
1976-09-30,42.2270548,36.951086,81.7009332
1976-10-31,42.0021952,36.3538038,81.420431
1976-11-30,41.6300142,35.6646323,80.9435773
1976-12-31,41.3896471,35.2683585,80.5228241
1977-01-31,41.0950038,34.7859384,79.868319
1977-02-28,40.9631896,34.5160128,78.3816575
1977-03-31,40.9011593,34.2518304,76.6238439
1977-04-30,40.9089132,33.8900153,75.2493832
1977-05-31,40.9942047,33.3903659,74.4265768
1977-06-30,41.0019584,32.9309182,74.7070791
1977-07-31,41.2888481,32.8103131,74.0151737
1977-08-31,41.7153057,32.689708,73.931023
1977-09-30,42.2735774,32.5403874,72.6781134
1977-10-31,42.5604671,32.3049205,71.602855
1977-11-30,42.8318492,32.2187741,70.443446
1977-12-31,43.2583068,32.7930838,70.3312452
1978-01-31,43.6072266,33.1836144,68.8726339
1978-02-28,43.5451963,33.4707692,69.4990887
1978-03-31,43.9639002,33.5741449,69.7515407
1978-04-30,44.5066644,33.9531894,70.5462968
1978-05-31,45.8170523,34.7227643,69.284037
1978-06-30,46.4916306,34.7859384,69.4429882
1978-07-31,47.6546968,35.1247812,69.414938
1978-08-31,48.1897073,34.8893142,70.7519984
1978-09-30,49.1511752,35.4176791,71.7898564
1978-10-31,49.7482159,35.7048339,73.1175668
1978-11-30,50.5468545,36.1011077,73.1923672
1978-12-31,51.221433,36.4399503,73.931023
1979-01-31,52.1053632,37.0659479,68.0311272
1979-02-28,52.9350171,37.0200032,67.5729737
1979-03-31,53.6018416,37.2612133,67.6010239
1979-04-30,53.7801785,37.66323,68.8913339
1979-05-31,54.1213445,37.9503848,69.6860901
1979-06-30,54.7881691,38.3064569,70.3031949
1979-07-31,55.8581899,38.369631,70.6584977
1979-08-31,56.5870447,38.8348218,71.1260013
1979-09-30,58.2928751,39.4033884,71.724406
1979-10-31,60.324364,40.3165409,72.1077589
1979-11-30,61.8751187,41.1722623,73.2391176
1979-12-31,62.8443406,41.804003,73.9590732
1980-01-31,65.7597596,43.6647664,77.016547
1980-02-29,66.4653532,44.5147447,79.99922
1980-03-31,66.0699107,44.7042669,81.5980824
1980-04-30,65.5038851,45.715052,81.3175803
1980-05-31,65.5891766,46.5305717,81.9907855
1980-06-30,66.3025239,46.7143509,84.4966049
1980-07-31,67.1787004,47.7997962,86.4694702
1980-08-31,67.5043589,48.0926941,88.4329854
1980-09-30,68.1324147,48.8392968,87.9654818
1980-10-31,68.0471231,49.5916424,86.7219222
1980-11-30,67.4035598,49.9936592,85.7869149
1980-12-31,65.8993277,50.0166316,87.7504301
1981-01-31,65.0153974,51.3260577,88.5919367
1981-02-28,63.9221153,51.9118536,89.5736942
1981-03-31,64.069437,52.4919064,91.9953631
1981-04-30,64.4726332,53.0719592,92.6498681
1981-05-31,64.1624822,54.1114598,92.2010647
1981-06-30,63.2863057,54.18612,94.3889815
1981-07-31,62.5109283,55.1624465,94.4731323
1981-08-31,62.1232396,55.1796759,96.5581984
1981-09-30,62.1309933,55.9377647,97.6989072
1981-10-31,61.9061339,55.9549939,97.8672086
1981-11-30,61.5184452,55.9205353,101.1584341
1981-12-31,60.1925498,56.0066818,103.3183009
1982-01-31,58.7813629,55.5127754,107.6847847
1982-02-28,58.3238902,55.4208859,109.6950502
1982-03-31,57.7035883,54.8810348,111.2752125
1982-04-30,57.1763316,53.9449099,111.1162611
1982-05-31,56.5560297,53.1695918,112.3411207
1982-06-30,56.1916023,52.9685835,110.8638093
1982-07-31,55.9667428,52.3023843,109.1340459
1982-08-31,56.2226173,51.5385523,107.3762322
1982-09-30,57.0057486,50.7632343,108.2644892
1982-10-31,56.3932003,49.6433303,109.2555968
1982-11-30,57.0290098,48.7646365,110.1625538
1982-12-31,58.5875185,48.6095729,107.3668821
1983-01-31,60.1537809,47.495412,106.4879754
1983-02-28,62.0146868,47.0072488,103.7110038
1983-03-31,62.1077321,47.4150087,100.8218315
1983-04-30,62.5807122,47.0933953,99.8307237
1983-05-31,63.7437784,47.3977794,97.2501037
1983-06-30,63.6662407,48.0410062,95.4548898
1983-07-31,63.0536925,48.2305285,95.090237
1983-08-31,62.6039735,48.9886173,93.6970762
1983-09-30,63.7670398,49.6375872,93.5755253
1983-10-31,64.0849445,50.0510902,94.4731323
1983-11-30,64.2477737,51.044646,93.790577
1983-12-31,64.1082058,51.7453038,93.2108724
1984-01-31,64.7982918,52.4976495,93.2202225
1984-02-29,65.4961314,53.5486362,93.2108724
1984-03-31,65.5736691,54.1688908,91.6774606
1984-04-30,65.1161965,54.2837527,91.8457618
1984-05-31,65.9691117,55.6850684,90.2001491
1984-06-30,64.9843823,55.3577119,93.9214779
1984-07-31,63.4879038,54.1918632,96.7639
1984-08-31,62.2007773,54.0482858,99.606322
1984-09-30,60.8593744,53.1925642,100.9807826
1984-10-31,60.9369121,52.7101442,102.8601472
1984-11-30,60.8903896,52.3196135,103.3650512
1984-12-31,60.4329168,52.0554311,103.1873997
1985-01-31,60.3708866,52.3827876,104.0943567
1985-02-28,59.8668913,52.1186051,103.6829536
1985-03-31,60.0995045,51.9348261,103.8138546
1985-04-30,59.9676903,51.6074696,104.0569565
1985-05-31,60.5182083,50.9125548,101.5511371
1985-06-30,60.905897,50.631143,98.2973119
1985-07-31,61.2160479,50.2463555,96.6610492
1985-08-31,62.5109283,50.2118969,95.0434867
1985-09-30,62.9606473,50.7747204,91.9486127
1985-10-31,63.4181199,51.2169388,89.6952452
1985-11-30,64.7130002,51.3030853,86.8528231
1985-12-31,64.5734323,50.7689773,84.5994557
1986-01-31,64.5114021,49.7065043,84.2722032
1986-02-28,64.821553,49.2585428,82.9070926
1986-03-31,64.5346634,48.3051887,83.9449506
1986-04-30,65.7287447,49.3446893,83.3839463
1986-05-31,65.8993277,48.6670038,81.5980824
1986-06-30,65.8993277,48.8852415,81.2895301
1986-07-31,66.5041221,49.6605596,81.0651283
1986-08-31,66.7367354,49.4825236,80.2516719
1986-09-30,68.0006005,49.9821731,78.5499589
1986-10-31,68.8380081,50.0281177,77.3718497
1986-11-30,68.8380081,50.0108886,77.6897522
1986-12-31,68.4890883,50.2118969,77.0071969
1987-01-31,69.1559129,50.4473639,76.4461925
1987-02-28,69.6133855,50.7689773,76.9323962
1987-03-31,69.9855668,51.044646,75.9225884
1987-04-30,70.869497,51.4926076,75.4924851
1987-05-31,70.8850045,51.4638921,75.7729872
1987-06-30,70.9547885,51.992257,75.8197376
1987-07-31,71.1176177,52.5608236,75.2493832
1987-08-31,69.5125865,52.0898896,75.7729872
1987-09-30,71.79995,52.5665667,75.6514364
1987-10-31,72.5288047,53.2040504,75.604686
1987-11-30,73.4902727,53.5428932,75.8945383
1987-12-31,73.7771624,54.7546867,76.1843905
1988-01-31,74.0718058,55.5587203,75.857138
1988-02-29,74.3819568,56.8451739,76.1095899
1988-03-31,75.5527766,57.3390803,77.1006976
1988-04-30,75.4907465,57.0346962,78.1385556
1988-05-31,76.1343096,57.1208425,79.6626174
1988-06-30,76.0102493,58.2637189,80.3077724
1988-07-31,74.7696454,59.2859902,78.9052615
1988-08-31,75.0720426,60.2565735,79.98052
1988-09-30,74.3586954,60.6700765,80.5415242
1988-10-31,74.9495669,60.8021678,81.394072
1988-11-30,74.0382105,61.2558724,83.684864
1988-12-31,74.3894624,61.3994498,83.31854
1989-01-31,74.0287172,60.7791954,83.31854
1989-02-28,74.5318619,60.9859469,83.449399
1989-03-31,72.8135754,61.1122949,85.141747
1989-04-30,72.737629,61.9680165,85.141747
1989-05-31,71.1332621,61.8474114,86.301131
1989-06-30,71.1807286,61.9795026,87.6662809
1989-07-31,70.4022784,61.0433778,89.6016961
1989-08-31,69.8991337,60.6126455,90.9949234
1989-09-30,69.8801471,60.1187392,91.6120182
1989-10-31,69.908627,59.8488137,94.0898241
1989-11-30,69.5478818,59.6190898,94.201931
1989-12-31,68.1618607,59.3434211,94.4544249
1990-01-31,68.6744986,59.4353107,95.0341169
1990-02-28,67.7631423,59.2343023,95.8849536
1990-03-31,67.8201021,59.4410538,94.6881668
1990-04-30,66.9846921,58.7978269,94.5385558
1990-05-31,67.1650647,59.0907249,93.061299
1990-06-30,66.6524267,59.1941006,91.8645122
1990-07-31,65.7125905,58.6370202,91.6213436
1990-08-31,65.4467782,58.9184319,89.6671763
1990-09-30,64.9531269,58.1316277,89.4241091
1990-10-31,64.15569,58.4704704,87.4980192
1990-11-30,64.6873146,58.2350034,87.3389815
1990-12-31,64.668328,57.143815,87.9093482
1991-01-31,64.7442744,56.8853756,88.1244393
1991-02-28,65.7790436,56.1272868,88.2833757
1991-03-31,65.3328587,55.7424993,87.9841537
1991-04-30,65.2094458,56.3684968,86.1702721
1991-05-31,65.4277916,55.3404825,86.8621724
1991-06-30,65.1524861,55.3519687,86.0020104
1991-07-31,65.1524861,55.4438583,85.7027883
1991-08-31,64.9911,55.0820432,84.861277
1991-09-30,65.1714726,54.9212365,85.1510723
1991-10-31,65.7505637,54.0080841,85.9365302
1991-11-30,65.6841106,53.8587635,87.0865889
1991-12-31,65.2853922,54.0482858,86.3198831
1992-01-31,65.6746173,54.3124682,85.3006834
1992-02-29,66.3011748,54.0138271,84.5060015
1992-03-31,66.6144535,53.2901969,86.2544029
1992-04-30,66.4815474,52.8537216,85.4970225
1992-05-31,66.3486413,52.0784034,86.5068969
1992-06-30,66.4245876,51.1480217,87.1613944
1992-07-31,66.4245876,50.809179,85.6279828
1992-08-31,66.0068826,49.6261011,86.4507421
1992-09-30,66.756853,49.8213663,85.3380861
1992-10-31,66.7948262,50.2118969,83.7766985
1992-11-30,67.1175982,49.918999,82.8603816
1992-12-31,66.8992524,50.1085212,82.3274177
1993-01-31,67.8580752,49.8213663,83.3933456
1993-02-28,68.4846327,49.918999,83.7018929
1993-03-31,68.0194613,50.3899329,81.1960097
1993-04-30,68.9972707,49.5801562,82.1590546
1993-05-31,68.7219651,49.6031287,80.7566033
1993-06-30,69.1016969,50.1889246,80.4106532
1993-07-31,69.3770025,50.4243915,80.2048874
1993-08-31,70.2219058,50.7747204,81.177359
1993-09-30,70.5731577,51.0044443,80.4947841
1993-10-31,70.8864365,50.7632343,80.1581593
1993-11-30,72.0066453,50.8321513,77.9702501
1993-12-31,72.3104308,50.8436376,79.6532727
1994-01-31,73.7439184,50.1085212,79.9618201
1994-02-28,74.4749021,50.6139137,81.32697
1994-03-31,75.2913255,51.6993591,81.9907929
1994-04-30,76.3830545,52.2794118,81.9253127
1994-05-31,77.6361695,52.7560888,82.5050048
1994-06-30,79.0316839,54.1229459,82.2526122
1994-07-31,78.7658716,54.1229459,83.150177
1994-08-31,78.585499,54.4962473,83.7205436
1994-09-30,79.582295,55.4093997,83.7018929
1994-10-31,80.2847989,56.5867345,86.4974702
1994-11-30,81.1391954,58.1775725,87.3577335
1994-12-31,82.6391361,59.0907249,86.8621724
1995-01-31,81.5474071,60.4346095,85.9177781
1995-02-28,81.4904474,62.2551714,85.4690464
1995-03-31,80.161386,62.9328568,87.3951363
1995-04-30,80.1044262,62.1345663,87.8439694
1995-05-31,79.8860805,62.6571881,88.5919231
1995-06-30,78.9557375,62.1115939,89.7607339
1995-07-31,78.6424588,62.059906,89.9477476
1995-08-31,77.9399549,62.2092265,91.7802799
1995-09-30,79.905067,61.8933561,92.3973747
1995-10-31,77.9969147,61.4855963,93.1173524
1995-11-30,78.8892844,61.2041846,94.370294
1995-12-31,77.750089,61.347762,94.6414387
1996-01-31,77.0001187,61.2386431,95.76342
1996-02-29,76.4020411,60.9514883,96.4833977
1996-03-31,76.7627863,60.4575819,96.3618641
1996-04-30,76.7912662,61.703834,97.3529864
1996-05-31,76.240655,62.4963814,98.7741897
1996-06-30,75.6330841,62.3240885,98.7648644
1996-07-31,75.6046042,62.8754258,98.914374
1996-08-31,74.2660496,63.3693321,98.5123704
1996-09-30,75.2153791,62.77205,98.5590985
1996-10-31,77.1615047,63.6679731,97.3716371
1996-11-30,77.6361695,63.5243957,97.4090398
1996-12-31,77.009612,62.5710416,98.6993842
1997-01-31,76.4020411,62.8467103,100.2140438
1997-02-28,76.2881215,62.8007655,101.1117099
1997-03-31,76.6488667,61.9048424,100.9246961
1997-04-30,75.5191646,63.5703405,101.3641025
1997-05-31,74.4749021,63.1281221,100.8872934
1997-06-30,74.6932479,62.3872625,100.9807496
1997-07-31,74.2375697,62.4332074,100.877968
1997-08-31,74.7407144,61.6349168,101.1210352
1997-09-30,74.9021004,61.7382926,100.6909542
1997-10-31,74.5413552,61.7382926,100.298276
1997-11-30,74.0571971,60.8423694,99.5034928
1997-12-31,72.5287766,60.3312339,101.0649818
1998-01-31,73.1458407,60.2680597,102.3926276
1998-02-28,72.2914442,59.4353107,103.8886364
1998-03-31,71.7788062,58.9069458,104.3935229
1998-04-30,71.6933666,58.7691114,105.5997365
1998-05-31,70.5067046,58.2981775,106.0111668
1998-06-30,69.585855,57.9191331,109.8726718
1998-07-31,68.8548712,57.2816493,112.9489218
1998-08-31,68.589059,55.9664802,113.2761198
1998-09-30,67.4118904,56.2651212,115.9502648
1998-10-31,66.9751988,55.9492508,116.0624731
1998-11-30,67.335944,55.4438583,114.6786725
1998-12-31,67.8485819,55.0475846,112.1167358
1999-01-31,68.750445,55.2256206,107.7989982
1999-02-28,68.0859143,55.1394742,105.9744735
1999-03-31,69.0162573,55.3634549,104.3628101
1999-04-30,69.6523081,55.2543361,101.8997018
1999-05-31,70.6680907,55.311767,100.2779021
1999-06-30,71.6079269,54.9614382,98.9297811
1999-07-31,73.2787469,55.7310131,97.084984
1999-08-31,75.4527115,56.0181679,94.8550094
1999-09-30,76.9621455,56.437414,95.0171894
1999-10-31,78.3386733,56.1502592,94.1556083
1999-11-30,79.1266168,56.971522,93.6690684
1999-12-31,79.5917883,56.9485497,92.959531
2000-01-31,78.614,57.0809,93.0406
2000-02-29,80.9114,57.3208,92.2196
2000-03-31,80.3797,57.4531,92.4933
2000-04-30,80.3323,57.2298,93.1623
2000-05-31,80.655,57.4862,94.1252
2000-06-30,80.7974,57.8254,94.6726
2000-07-31,80.1899,57.8005,95.3314
2000-08-31,80.1994,58.181,95.2199
2000-09-30,80.2089,58.3878,95.0983
2000-10-31,79.8291,58.5781,95.2098
2000-11-30,79.2975,58.9668,95.4226
2000-12-31,79.269,59.1488,95.1591
2001-01-31,80.4462,59.5789,94.9361
2001-02-28,80.1519,60.0173,95.7774
2001-03-31,79.7057,59.8105,95.9801
2001-04-30,79.6677,59.7774,95.8281
2001-05-31,80.6171,59.5623,95.6659
2001-06-30,79.9146,59.5293,96.6086
2001-07-31,79.8481,59.1488,95.7673
2001-08-31,79.0602,58.9006,96.7809
2001-09-30,78.4716,59.0826,99.0311
2001-10-31,79.1646,59.8849,96.2538
2001-11-30,79.7152,60.191,96.0511
2001-12-31,81.8227,60.5632,95.9092
2002-01-31,82.6296,60.7617,96.2538
2002-02-28,83.8923,61.1008,97.2674
2002-03-31,85.3068,61.3903,97.9162
2002-04-30,85.8194,61.8949,98.3926
2002-05-31,85.6865,62.2257,98.8284
2002-06-30,84.9555,62.2671,98.9298
2002-07-31,85.1549,62.5401,100.7847
2002-08-31,85.639,62.9619,100.9266
2002-09-30,86.1327,63.1356,101.849
2002-10-31,86.4744,63.0529,102.1126
2002-11-30,86.5409,62.9288,103.2073
2002-12-31,84.889,63.0198,104.302
2003-01-31,84.8701,63.21,103.704
2003-02-28,83.8923,63.2845,103.2276
2003-03-31,83.3416,63.0612,103.8661
2003-04-30,81.7942,62.9619,104.8696
2003-05-31,80.8259,62.3498,106.4002
2003-06-30,82.2214,62.3085,104.8899
2003-07-31,83.6359,62.8957,104.3223
2003-08-31,84.7656,63.1191,103.9776
2003-09-30,86.3605,63.2431,103.5215
2003-10-31,87.7465,63.3424,103.633
2003-11-30,88.2782,63.4747,103.0147
2003-12-31,89.4079,64.2109,102.7309
2004-01-31,89.911,65.8321,101.3929
2004-02-29,92.1704,66.6096,100.957
2004-03-31,92.74,66.9156,100.7746
2004-04-30,93.4425,66.7667,101.2611
2004-05-31,94.8285,67.2548,101.2915
2004-06-30,95.3127,67.9495,100.9368
2004-07-31,95.1228,69.0745,101.1395
2004-08-31,95.4456,69.943,101.3828
2004-09-30,95.8443,70.555,102.1227
2004-10-31,95.531,70.8694,102.5586
2004-11-30,96.0437,71.2002,102.9741
2004-12-31,95.0089,71.7213,102.964
2005-01-31,94.7336,72.4823,102.143
2005-02-28,94.7431,72.6891,102.5079
2005-03-31,94.5247,72.8958,102.3761
2005-04-30,95.9772,73.7147,102.0011
2005-05-31,96.0057,74.4343,102.2139
2005-06-30,95.6355,75.1126,102.8626
2005-07-31,96.5658,75.6089,102.964
2005-08-31,97.0595,76.3698,103.9168
2005-09-30,97.2019,76.8578,102.9437
2005-10-31,97.012,76.9819,103.9675
2005-11-30,96.8601,77.5196,103.562
2005-12-31,96.7652,77.9745,104.0385
2006-01-31,96.4329,78.5618,103.9675
2006-02-28,97.2968,78.8761,104.1601
2006-03-31,97.6196,79.2152,104.7683
2006-04-30,99.0151,79.8769,105.417
2006-05-31,100.1353,80.1416,105.7008
2006-06-30,100.9422,80.7537,107.0489
2006-07-31,102.7744,81.2913,106.9476
2006-08-31,102.7175,81.8951,107.1807
2006-09-30,101.939,82.5238,106.4103
2006-10-31,101.7491,83.0862,107.2618
2006-11-30,100.9232,83.9547,107.8091
2006-12-31,100.5055,84.5502,108.5694
2007-01-31,100.3631,85.4766,108.4173
2007-02-28,100.6194,86.3865,109.3397
2007-03-31,101.0751,86.6595,111.3568
2007-04-30,100.0403,86.6512,111.5798
2007-05-31,100.3346,86.9903,110.7385
2007-06-30,99.3758,86.5437,110.7081
2007-07-31,99.5847,86.9738,111.7825
2007-08-31,99.7555,87.3543,111.9447
2007-09-30,99.1859,87.3791,113.1205
2007-10-31,99.0151,87.9581,113.009
2007-11-30,99.3094,88.1897,112.9786
2007-12-31,97.6575,88.2889,115.2694
2008-01-31,98.27,88.61,117.01
2008-02-29,99.58,88.97,119.28
2008-03-31,99.2,89.22,119.23
2008-04-30,98.56,89.79,120.19
2008-05-31,98.19,89.27,120.77
2008-06-30,98.43,89.28,121.78
2008-07-31,98.16,88.76,123.4
2008-08-31,95.07,88.6,123.94
2008-09-30,93.28,87.66,126.69
2008-10-31,90.36,86.49,127.99
2008-11-30,87.08,84.88,129.6
2008-12-31,84.39,83.29,126.54
2009-01-31,82.82,81.26,124.38
2009-02-28,83.8,79.96,120.92
2009-03-31,83.44,79.47,120.7
2009-04-30,83.77,79.03,118.84
2009-05-31,85.19,78.5,117.31
2009-06-30,85.89,78.29,114.24
2009-07-31,85.89,78.14,111.06
2009-08-31,87.24,77.66,108.42
2009-09-30,88.76,78.02,105.94
2009-10-31,91.14,78.47,104.39
2009-11-30,93.28,78.96,103.16
2009-12-31,95.03,79.53,104.06
2010-01-31,98.77,80.38,101.83
2010-02-28,99.91,80.53,101.99
2010-03-31,101.64,81.16,101.39
2010-04-30,102.99,81.2,100.36
2010-05-31,103.0,81.83,100.26
2010-06-30,101.4,82.56,99.82
2010-07-31,101.08,82.8,101.46
2010-08-31,100.71,82.8,101.54
2010-09-30,101.14,83.09,101.08
2010-10-31,101.27,83.78,101.43
2010-11-30,101.21,84.53,101.4
2010-12-31,102.14,84.8,100.43
2011-01-31,102.26,85.47,99.33
2011-02-28,103.38,85.91,99.53
2011-03-31,103.21,86.44,99.95
2011-04-30,102.02,87.0,99.97
2011-05-31,100.9,86.92,100.58
2011-06-30,102.21,87.22,100.19
2011-07-31,101.01,86.93,99.87
2011-08-31,99.36,87.66,98.84
2011-09-30,99.76,88.37,99.26
2011-10-31,99.83,88.3,99.76
2011-11-30,100.39,88.61,100.23
2011-12-31,100.18,89.02,100.16
2012-01-31,100.43,89.24,100.56
2012-02-29,101.66,89.68,100.89
2012-03-31,101.48,90.26,100.29
2012-04-30,100.06,90.96,100.49
2012-05-31,99.83,91.77,100.66
2012-06-30,98.8,92.31,99.41
2012-07-31,98.83,92.26,98.8
2012-08-31,99.22,92.58,97.74
2012-09-30,99.12,92.89,98.52
2012-10-31,99.77,92.56,97.93
2012-11-30,100.12,93.41,98.93
2012-12-31,99.42,92.78,98.7
2013-01-31,100.27,92.36,98.54
2013-02-28,100.16,91.9,99.3
2013-03-31,99.68,92.4,100.16
2013-04-30,99.68,93.22,100.23
2013-05-31,99.42,94.23,100.46
2013-06-30,99.01,94.46,101.1
2013-07-31,98.92,94.98,101.96
2013-08-31,99.77,95.12,102.32
2013-09-30,99.4,94.8,102.88
2013-10-31,99.67,95.56,102.58
2013-11-30,99.06,95.71,103.21
2013-12-31,98.92,95.34,101.47
2014-01-31,98.64,95.5,100.57
2014-02-28,98.76,94.88,101.32
2014-03-31,98.06,94.54,100.2
2014-04-30,97.59,94.78,100.4
2014-05-31,98.69,94.57,99.64
2014-06-30,98.06,94.78,99.35
2014-07-31,97.86,94.21,100.53
2014-08-31,98.33,94.19,99.72
2014-09-30,98.96,94.86,100.02
2014-10-31,98.86,95.62,100.51
2014-11-30,98.94,95.8,100.7
2014-12-31,97.17,95.79,100.09
2015-01-31,96.93,95.67,99.38
2015-02-28,96.32,95.93,99.75
2015-03-31,96.23,96.2,99.9
2015-04-30,96.58,95.46,100.08
2015-05-31,95.54,94.76,100.52
2015-06-30,96.23,94.96,99.82
2015-07-31,95.33,95.34,99.53
2015-08-31,94.14,95.31,99.25
2015-09-30,94.32,95.57,98.85
2015-10-31,94.41,96.03,98.75
2015-11-30,93.97,96.43,98.86
2015-12-31,94.06,97.13,97.78
2016-01-31,93.91,96.91,97.4
2016-02-29,93.75,97.23,97.4
2016-03-31,94.28,97.23,97.96
2016-04-30,94.5,97.43,98.89
2016-05-31,94.33,97.77,98.28
2016-06-30,94.93,97.89,97.53
2016-07-31,94.71,97.76,96.29
2016-08-31,96.39,97.65,95.89
2016-09-30,97.02,97.61,97.26
2016-10-31,98.58,97.36,97.67
2016-11-30,100.09,97.11,99.24
2016-12-31,100.79,97.4,98.14
2017-01-31,100.99,97.22,98.84
2017-02-28,100.58,97.0,99.52
2017-03-31,99.27,97.43,100.09
2017-04-30,97.6,97.54,98.43
2017-05-31,97.32,97.47,98.65
2017-06-30,97.59,97.77,98.97
2017-07-31,98.61,98.04,98.36
2017-08-31,98.78,98.3,98.36
2017-09-30,99.99,98.01,98.72
2017-10-31,100.28,98.25,98.23
2017-11-30,100.36,98.72,98.08
2017-12-31,100.98,98.65,97.19
2018-01-31,101.68,98.15,98.1
2018-02-28,102.94,98.21,99.2
2018-03-31,101.87,98.36,98.26
2018-04-30,101.32,97.9,98.06
2018-05-31,101.42,98.62,97.49
2018-06-30,101.88,99.03,97.54
2018-07-31,101.3,98.98,97.6
2018-08-31,100.86,99.59,97.38
2018-09-30,100.73,100.03,97.22
2018-10-31,100.64,100.27,97.03
2018-11-30,100.65,100.51,96.56
2018-12-31,99.42,100.1,97.84
2019-01-31,99.19,99.95,98.52
2019-02-28,100.4,99.79,100.13
2019-03-31,100.5,100.15,99.21
2019-04-30,100.37,100.72,99.14
2019-05-31,99.61,100.6,99.61
2019-06-30,99.44,100.28,99.41
2019-07-31,99.83,100.36,100.06
2019-08-31,99.42,99.98,100.69
2019-09-30,99.36,99.74,100.59
2019-10-31,100.94,99.99,100.86
2019-11-30,100.77,99.66,100.94
2019-12-31,100.18,98.78,100.83
2020-01-31,100.84,99.16,100.12
2020-02-29,101.42,98.89,100.24
2020-03-31,99.26,91.92,102.68
2020-04-30,93.38,76.51,104.87
2020-05-31,92.34,75.84,109.64
2020-06-30,96.59,79.53,105.6
2020-07-31,100.19,83.66,100.11
2020-08-31,104.52,87.31,94.96
2020-09-30,107.34,89.18,94.8
2020-10-31,110.94,90.69,94.4
2020-11-30,113.28,91.92,94.06
2020-12-31,114.62,92.18,94.06
2021-01-31,114.65,91.62,93.52
2021-02-28,116.92,91.87,93.03
2021-03-31,121.35,92.83,91.42
2021-04-30,126.05,93.46,90.17
2021-05-31,129.27,93.84,88.59
2021-06-30,123.93,93.52,91.39
2021-07-31,120.91,92.64,95.13
2021-08-31,120.38,93.47,97.28
2021-09-30,118.59,93.73,96.81
2021-10-31,119.28,93.79,96.65
2021-11-30,119.24,94.03,95.94
2021-12-31,119.09,94.24,95.92
2022-01-31,120.92,95.28,95.49
2022-02-28,119.87,95.45,96.61
2022-03-31,121.75,95.84,97.98
2022-04-30,121.54,94.91,98.45
2022-05-31,120.49,95.2,99.17
2022-06-30,120.45,95.03,99.33
2022-07-31,118.65,95.21,99.37
2022-08-31,116.93,95.48,99.97
2022-09-30,116.74,95.55,101.33
2022-10-31,115.83,94.92,102.87
2022-11-30,115.73,94.73,104.23
2022-12-31,114.03,94.69,105.25
2023-01-31,113.49,95.32,105.41
2023-02-28,113.61,95.47,104.98
2023-03-31,111.6,96.01,106.39
2023-04-30,110.61,96.29,107.34
2023-05-31,109.35,96.31,108.62
2023-06-30,109.3,96.83,109.03
2023-07-31,108.92,96.9,109.84
2023-08-31,109.92,97.35,109.18
2023-09-30,111.05,97.36,109.42
2023-10-31,111.96,96.89,109.81
2023-11-30,112.01,96.97,109.61
2023-12-31,111.0,96.24,109.06
2024-01-31,110.56,96.09,110.03
2024-02-29,111.43,96.18,109.39
2024-03-31,110.88,95.59,109.04
2024-04-30,112.82,96.26,109.68
2024-05-31,112.13,95.7,109.77
2024-06-30,112.3,96.04,108.89
2024-07-31,112.32,96.23,109.21
2024-08-31,111.41,96.29,108.84
2024-09-30,112.9,96.19,108.36
2024-10-31,114.19,96.21,107.82
2024-11-30,114.61,95.8,108.35
2024-12-31,112.86,95.32,107.92
2025-01-31,112.96,95.07,107.32
2025-02-28,112.2,94.47,106.67
2025-03-31,113.39,94.48,106.97
2025-04-30,112.73,95.16,107.28
2025-05-31,111.29,95.16,107.28
